Workbook

Sheet Tracker
A1: MedVoice v3.4 — 6-Week Delivery Tracker
A2: Andalusia Group | AI Team | Update only the yellow cells. Task rows, flags, team progress and the Gantt update automatically.
A5: Project start | C5: 46299 | H5: Team | I5: Hours | J5: Planned % | K5: Done % | L5: Blocked | M5: Late | N5: To check
A6: Meeting date | C6: 46299 | H6: Ahmed Hamdy | I6: =SUMPRODUCT(($AA$14:$AA$400="Ahmed Hamdy")*($Z$14:$Z$400="S")*$D$14:$D$400) -> 86 | J6: =IFERROR(SUMPRODUCT(($AA$14:$AA$400="Ahmed Hamdy")*($Z$14:$Z$400="T")*$Y$14:$Y$400*IF($C$7<$W$14:$W$400,0,IF($C$7>=$X$14:$X$400,1,($C$7-$W$14:$W$400+1)/$Y$14:$Y$400)))/SUMPRODUCT(($AA$14:$AA$400="Ahmed Hamdy")*($Z$14:$Z$400="T")*$Y$14:$Y$400),0) -> 0 | K6: =IFERROR(SUMPRODUCT(($AA$14:$AA$400="Ahmed Hamdy")*($Z$14:$Z$400="T")*$Y$14:$Y$400*$K$14:$K$400)/SUMPRODUCT(($AA$14:$AA$400="Ahmed Hamdy")*($Z$14:$Z$400="T")*$Y$14:$Y$400),0) -> 0.13259259 | L6: =SUMPRODUCT(($AA$14:$AA$400="Ahmed Hamdy")*($Z$14:$Z$400="T")*($J$14:$J$400="Blocked")) -> 0 | M6: =SUMPRODUCT(($AA$14:$AA$400="Ahmed Hamdy")*($Z$14:$Z$400="T")*($M$14:$M$400="Late")) -> 0 | N6: =SUMPRODUCT(($AA$14:$AA$400="Ahmed Hamdy")*($M$14:$M$400="Check")) -> 7
A7: Working day | C7: =MAX(0,INT((C6-C5)/7)*5+MIN(MOD(C6-C5,7),4)+1) -> 1 | H7: Doha | I7: =SUMPRODUCT(($AA$14:$AA$400="Doha")*($Z$14:$Z$400="S")*$D$14:$D$400) -> 89 | J7: =IFERROR(SUMPRODUCT(($AA$14:$AA$400="Doha")*($Z$14:$Z$400="T")*$Y$14:$Y$400*IF($C$7<$W$14:$W$400,0,IF($C$7>=$X$14:$X$400,1,($C$7-$W$14:$W$400+1)/$Y$14:$Y$400)))/SUMPRODUCT(($AA$14:$AA$400="Doha")*($Z$14:$Z$400="T")*$Y$14:$Y$400),0) -> 0 | K7: =IFERROR(SUMPRODUCT(($AA$14:$AA$400="Doha")*($Z$14:$Z$400="T")*$Y$14:$Y$400*$K$14:$K$400)/SUMPRODUCT(($AA$14:$AA$400="Doha")*($Z$14:$Z$400="T")*$Y$14:$Y$400),0) -> 0.23396825 | L7: =SUMPRODUCT(($AA$14:$AA$400="Doha")*($Z$14:$Z$400="T")*($J$14:$J$400="Blocked")) -> 0 | M7: =SUMPRODUCT(($AA$14:$AA$400="Doha")*($Z$14:$Z$400="T")*($M$14:$M$400="Late")) -> 0 | N7: =SUMPRODUCT(($AA$14:$AA$400="Doha")*($M$14:$M$400="Check")) -> 0
A8: Baseline go-live | C8: 46338 | H8: Mohamed Essam | I8: =SUMPRODUCT(($AA$14:$AA$400="Mohamed Essam")*($Z$14:$Z$400="S")*$D$14:$D$400) -> 102 | J8: =IFERROR(SUMPRODUCT(($AA$14:$AA$400="Mohamed Essam")*($Z$14:$Z$400="T")*$Y$14:$Y$400*IF($C$7<$W$14:$W$400,0,IF($C$7>=$X$14:$X$400,1,($C$7-$W$14:$W$400+1)/$Y$14:$Y$400)))/SUMPRODUCT(($AA$14:$AA$400="Mohamed Essam")*($Z$14:$Z$400="T")*$Y$14:$Y$400),0) -> 0 | K8: =IFERROR(SUMPRODUCT(($AA$14:$AA$400="Mohamed Essam")*($Z$14:$Z$400="T")*$Y$14:$Y$400*$K$14:$K$400)/SUMPRODUCT(($AA$14:$AA$400="Mohamed Essam")*($Z$14:$Z$400="T")*$Y$14:$Y$400),0) -> 0 | L8: =SUMPRODUCT(($AA$14:$AA$400="Mohamed Essam")*($Z$14:$Z$400="T")*($J$14:$J$400="Blocked")) -> 0 | M8: =SUMPRODUCT(($AA$14:$AA$400="Mohamed Essam")*($Z$14:$Z$400="T")*($M$14:$M$400="Late")) -> 0 | N8: =SUMPRODUCT(($AA$14:$AA$400="Mohamed Essam")*($M$14:$M$400="Check")) -> 5
A9: Forecast go-live | C9: =$C$5+INT((INDEX($X:$X,MATCH("P2",$A:$A,0))-1)/5)*7+MOD(INDEX($X:$X,MATCH("P2",$A:$A,0))-1,5) -> 46334 | H9: External teams | I9: — | J9: =IFERROR(SUMPRODUCT(($AA$14:$AA$400="Ext")*($Z$14:$Z$400="T")*$Y$14:$Y$400*IF($C$7<$W$14:$W$400,0,IF($C$7>=$X$14:$X$400,1,($C$7-$W$14:$W$400+1)/$Y$14:$Y$400)))/SUMPRODUCT(($AA$14:$AA$400="Ext")*($Z$14:$Z$400="T")*$Y$14:$Y$400),0) -> 0 | K9: =IFERROR(SUMPRODUCT(($AA$14:$AA$400="Ext")*($Z$14:$Z$400="T")*$Y$14:$Y$400*$K$14:$K$400)/SUMPRODUCT(($AA$14:$AA$400="Ext")*($Z$14:$Z$400="T")*$Y$14:$Y$400),0) -> 0.1547619 | L9: =SUMPRODUCT(($AA$14:$AA$400="Ext")*($Z$14:$Z$400="T")*($J$14:$J$400="Blocked")) -> 0 | M9: =SUMPRODUCT(($AA$14:$AA$400="Ext")*($Z$14:$Z$400="T")*($M$14:$M$400="Late")) -> 0 | N9: =SUMPRODUCT(($AA$14:$AA$400="Ext")*($M$14:$M$400="Check")) -> 1
A10: Ahead (+) / behind (−) | C10: =NETWORKDAYS.INTL(C9,C8,7)-1 -> 4 | H10: Whole project | I10: =SUMPRODUCT(($Z$14:$Z$400="S")*$D$14:$D$400) -> 277 | J10: =IFERROR(SUMPRODUCT(($Z$14:$Z$400="T")*$Y$14:$Y$400*IF($C$7<$W$14:$W$400,0,IF($C$7>=$X$14:$X$400,1,($C$7-$W$14:$W$400+1)/$Y$14:$Y$400)))/SUMPRODUCT(($Z$14:$Z$400="T")*$Y$14:$Y$400),0) -> 0 | K10: =IFERROR(SUMPRODUCT(($Z$14:$Z$400="T")*$Y$14:$Y$400*$K$14:$K$400)/SUMPRODUCT(($Z$14:$Z$400="T")*$Y$14:$Y$400),0) -> 0.1363456 | L10: =SUMPRODUCT(($Z$14:$Z$400="T")*($J$14:$J$400="Blocked")) -> 0 | M10: =SUMPRODUCT(($Z$14:$Z$400="T")*($M$14:$M$400="Late")) -> 0 | N10: =SUMPRODUCT(($M$14:$M$400="Check")) -> 0
H11: Planned % = where the plan expects us on the meeting date. "To check" = status and % do not match (e.g. In progress at 0%).
P12: =$C$5+0 -> 46299 | Q12: =$C$5+7 -> 46306 | R12: =$C$5+14 -> 46313 | S12: =$C$5+21 -> 46320 | T12: =$C$5+28 -> 46327 | U12: =$C$5+35 -> 46334
A13: ID | B13: Task / subtask | C13: Owner | D13: Hours | E13: Days | F13: Start | G13: End | H13: Depends on | I13: Done when | J13: Status | K13: % done | L13: Checklist | M13: Flag | N13: Notes / blockers | P13: W1 | Q13: W2 | R13: W3 | S13: W4 | T13: W5 | U13: W6 | W13: SD | X13: ED | Y13: DAYS | Z13: LVL | AA13: TEAM | AB13: PREV | AC13: P0
A14: PRE-REQUISITES — outside the AI team
A15: X1 | B15: Approve use of de-identified logged sessions as the gold set | C15: Compliance | D15: 1 | E15: 5 | F15: =$C$5+INT((W15-1)/5)*7+MOD(W15-1,5) -> 46299 | G15: =$C$5+INT((X15-1)/5)*7+MOD(X15-1,5) -> 46303 | H15: — | I15: Signed approval received | J15: In progress | K15: 0.5 | L15: =IFERROR(COUNTIFS(Checklist!$D:$D,"X1",Checklist!$I:$I,"Yes")/COUNTIF(Checklist!$D:$D,"X1"),0) -> 0 | M15: =IF(AND(J15="Done",K15<1),"Check",IF(AND(J15="In progress",K15=0),"Check",IF(AND(K15>=1,J15<>"Done"),"Check",IF(J15="Done","Done",IF(J15="Blocked","Blocked",IF(AND($C$7>X15,K15<1),"Late","")))))) | N15: Essam calls Germeen | P15: =IF(AND(W15<=5,X15>=1),1,"") -> 1 | Q15: =IF(AND(W15<=10,X15>=6),1,"") | R15: =IF(AND(W15<=15,X15>=11),1,"") | S15: =IF(AND(W15<=20,X15>=16),1,"") | T15: =IF(AND(W15<=25,X15>=21),1,"") | U15: =IF(AND(W15<=30,X15>=26),1,"") | W15: =MAX(IFERROR(INDEX($X$14:$X$400,MATCH(AC15,$A$14:$A$400,0)),0),IFERROR(INDEX($X$14:$X$400,MATCH(AD15,$A$14:$A$400,0)),0),IFERROR(INDEX($X$14:$X$400,MATCH(AE15,$A$14:$A$400,0)),0),IFERROR(INDEX($X$14:$X$400,MATCH(AF15,$A$14:$A$400,0)),0),IFERROR(INDEX($X$14:$X$400,MATCH(AG15,$A$14:$A$400,0)),0),IFERROR(INDEX($X$14:$X$400,MATCH(AH15,$A$14:$A$400,0)),0),IFERROR(INDEX($X$14:$X$400,MATCH(AI15,$A$14:$A$400,0)),0),IFERROR(INDEX($X$14:$X$400,MATCH(AB15,$A$14:$A$400,0)),0))+1 -> 1 | X15: =W15+Y15-1 -> 5 | Y15: =E15 -> 5 | Z15: T | AA15: Ext
A16: X2 | B16: Export ICD-10 code master from the HIS coding system | C16: Coding team | D16: 1 | E16: 3 | F16: =$C$5+INT((W16-1)/5)*7+MOD(W16-1,5) -> 46299 | G16: =$C$5+INT((X16-1)/5)*7+MOD(X16-1,5) -> 46301 | H16: — | I16: File delivered and readable | J16: In progress | K16: 0.5 | L16: =IFERROR(COUNTIFS(Checklist!$D:$D,"X2",Checklist!$I:$I,"Yes")/COUNTIF(Checklist!$D:$D,"X2"),0) -> 0 | M16: =IF(AND(J16="Done",K16<1),"Check",IF(AND(J16="In progress",K16=0),"Check",IF(AND(K16>=1,J16<>"Done"),"Check",IF(J16="Done","Done",IF(J16="Blocked","Blocked",IF(AND($C$7>X16,K16<1),"Late","")))))) | N16: Essam calls Germeen | P16: =IF(AND(W16<=5,X16>=1),1,"") -> 1 | Q16: =IF(AND(W16<=10,X16>=6),1,"") | R16: =IF(AND(W16<=15,X16>=11),1,"") | S16: =IF(AND(W16<=20,X16>=16),1,"") | T16: =IF(AND(W16<=25,X16>=21),1,"") | U16: =IF(AND(W16<=30,X16>=26),1,"") | W16: =MAX(IFERROR(INDEX($X$14:$X$400,MATCH(AC16,$A$14:$A$400,0)),0),IFERROR(INDEX($X$14:$X$400,MATCH(AD16,$A$14:$A$400,0)),0),IFERROR(INDEX($X$14:$X$400,MATCH(AE16,$A$14:$A$400,0)),0),IFERROR(INDEX($X$14:$X$400,MATCH(AF16,$A$14:$A$400,0)),0),IFERROR(INDEX($X$14:$X$400,MATCH(AG16,$A$14:$A$400,0)),0),IFERROR(INDEX($X$14:$X$400,MATCH(AH16,$A$14:$A$400,0)),0),IFERROR(INDEX($X$14:$X$400,MATCH(AI16,$A$14:$A$400,0)),0),IFERROR(INDEX($X$14:$X$400,MATCH(AB16,$A$14:$A$400,0)),0))+1 -> 1 | X16: =W16+Y16-1 -> 3 | Y16: =E16 -> 3 | Z16: T | AA16: Ext
A17: X3 | B17: Confirm residency: Foundry region; continued use of Munsit and Voxtral APIs | C17: Compliance | D17: 1 | E17: 5 | F17: =$C$5+INT((W17-1)/5)*7+MOD(W17-1,5) -> 46299 | G17: =$C$5+INT((X17-1)/5)*7+MOD(X17-1,5) -> 46303 | H17: — | I17: Written approval | J17: In progress | K17: 0.5 | L17: =IFERROR(COUNTIFS(Checklist!$D:$D,"X3",Checklist!$I:$I,"Yes")/COUNTIF(Checklist!$D:$D,"X3"),0) -> 0 | M17: =IF(AND(J17="Done",K17<1),"Check",IF(AND(J17="In progress",K17=0),"Check",IF(AND(K17>=1,J17<>"Done"),"Check",IF(J17="Done","Done",IF(J17="Blocked","Blocked",IF(AND($C$7>X17,K17<1),"Late","")))))) | N17: Essam calls Germeen | P17: =IF(AND(W17<=5,X17>=1),1,"") -> 1 | Q17: =IF(AND(W17<=10,X17>=6),1,"") | R17: =IF(AND(W17<=15,X17>=11),1,"") | S17: =IF(AND(W17<=20,X17>=16),1,"") | T17: =IF(AND(W17<=25,X17>=21),1,"") | U17: =IF(AND(W17<=30,X17>=26),1,"") | W17: =MAX(IFERROR(INDEX($X$14:$X$400,MATCH(AC17,$A$14:$A$400,0)),0),IFERROR(INDEX($X$14:$X$400,MATCH(AD17,$A$14:$A$400,0)),0),IFERROR(INDEX($X$14:$X$400,MATCH(AE17,$A$14:$A$400,0)),0),IFERROR(INDEX($X$14:$X$400,MATCH(AF17,$A$14:$A$400,0)),0),IFERROR(INDEX($X$14:$X$400,MATCH(AG17,$A$14:$A$400,0)),0),IFERROR(INDEX($X$14:$X$400,MATCH(AH17,$A$14:$A$400,0)),0),IFERROR(INDEX($X$14:$X$400,MATCH(AI17,$A$14:$A$400,0)),0),IFERROR(INDEX($X$14:$X$400,MATCH(AB17,$A$14:$A$400,0)),0))+1 -> 1 | X17: =W17+Y17-1 -> 5 | Y17: =E17 -> 5 | Z17: T | AA17: Ext
A18: X4 | B18: Sign acceptance thresholds and pilot site | C18: Steering | D18: 1 | E18: 2 | F18: =$C$5+INT((W18-1)/5)*7+MOD(W18-1,5) -> 46299 | G18: =$C$5+INT((X18-1)/5)*7+MOD(X18-1,5) -> 46300 | H18: — | I18: Signed gate sheet | J18: In progress | K18: 0 | L18: =IFERROR(COUNTIFS(Checklist!$D:$D,"X4",Checklist!$I:$I,"Yes")/COUNTIF(Checklist!$D:$D,"X4"),0) -> 0 | M18: =IF(AND(J18="Done",K18<1),"Check",IF(AND(J18="In progress",K18=0),"Check",IF(AND(K18>=1,J18<>"Done"),"Check",IF(J18="Done","Done",IF(J18="Blocked","Blocked",IF(AND($C$7>X18,K18<1),"Late","")))))) -> Check | N18: Asked Doha to prepare | P18: =IF(AND(W18<=5,X18>=1),1,"") -> 1 | Q18: =IF(AND(W18<=10,X18>=6),1,"") | R18: =IF(AND(W18<=15,X18>=11),1,"") | S18: =IF(AND(W18<=20,X18>=16),1,"") | T18: =IF(AND(W18<=25,X18>=21),1,"") | U18: =IF(AND(W18<=30,X18>=26),1,"") | W18: =MAX(IFERROR(INDEX($X$14:$X$400,MATCH(AC18,$A$14:$A$400,0)),0),IFERROR(INDEX($X$14:$X$400,MATCH(AD18,$A$14:$A$400,0)),0),IFERROR(INDEX($X$14:$X$400,MATCH(AE18,$A$14:$A$400,0)),0),IFERROR(INDEX($X$14:$X$400,MATCH(AF18,$A$14:$A$400,0)),0),IFERROR(INDEX($X$14:$X$400,MATCH(AG18,$A$14:$A$400,0)),0),IFERROR(INDEX($X$14:$X$400,MATCH(AH18,$A$14:$A$400,0)),0),IFERROR(INDEX($X$14:$X$400,MATCH(AI18,$A$14:$A$400,0)),0),IFERROR(INDEX($X$14:$X$400,MATCH(AB18,$A$14:$A$400,0)),0))+1 -> 1 | X18: =W18+Y18-1 -> 2 | Y18: =E18 -> 2 | Z18: T | AA18: Ext
A19: AHMED HAMDY — Platform & performance
A20: A1 | B20: Fix LLM concurrency: shared async client, 45 s timeout, backoff + jitter, per-model limits, async streaming | C20: Ahmed Hamdy | D20: =SUM(D21:D25) -> 9 | E20: =ROUNDUP(D20/8,0) -> 2 | F20: =$C$5+INT((W20-1)/5)*7+MOD(W20-1,5) -> 46299 | G20: =$C$5+INT((X20-1)/5)*7+MOD(X20-1,5) -> 46300 | H20: — | I20: 30 parallel analyses complete; no event-loop blocking; ≤ 3 retries each | J20: =IF(K20>=1,"Done",IF(COUNTIF(J21:J25,"Blocked")>0,"Blocked",IF(OR(K20>0,COUNTIF(J21:J25,"In progress")>0),"In progress","Not started"))) -> In progress | K20: =IFERROR(SUMPRODUCT(D21:D25,K21:K25)/D20,0) -> 0.99444444 | L20: =IFERROR(SUMPRODUCT(D21:D25,L21:L25)/D20,0) -> 0 | M20: =IF(J20="Done","Done",IF(J20="Blocked","Blocked",IF(AND($C$7>X20,K20<1),"Late",""))) | N20: =IF(COUNTIF(J21:J25,"Blocked")>0,"Blocked subtask — see below","") | P20: =IF(AND(W20<=5,X20>=1),1,"") -> 1 | Q20: =IF(AND(W20<=10,X20>=6),1,"") | R20: =IF(AND(W20<=15,X20>=11),1,"") | S20: =IF(AND(W20<=20,X20>=16),1,"") | T20: =IF(AND(W20<=25,X20>=21),1,"") | U20: =IF(AND(W20<=30,X20>=26),1,"") | W20: =MAX(IFERROR(INDEX($X$14:$X$400,MATCH(AC20,$A$14:$A$400,0)),0),IFERROR(INDEX($X$14:$X$400,MATCH(AD20,$A$14:$A$400,0)),0),IFERROR(INDEX($X$14:$X$400,MATCH(AE20,$A$14:$A$400,0)),0),IFERROR(INDEX($X$14:$X$400,MATCH(AF20,$A$14:$A$400,0)),0),IFERROR(INDEX($X$14:$X$400,MATCH(AG20,$A$14:$A$400,0)),0),IFERROR(INDEX($X$14:$X$400,MATCH(AH20,$A$14:$A$400,0)),0),IFERROR(INDEX($X$14:$X$400,MATCH(AI20,$A$14:$A$400,0)),0),IFERROR(INDEX($X$14:$X$400,MATCH(AB20,$A$14:$A$400,0)),0))+1 -> 1 | X20: =W20+Y20-1 -> 2 | Y20: =E20 -> 2 | Z20: T | AA20: Ahmed Hamdy
A21: A1.1 | B21: Shared async client + 45 s timeout, no hidden retries | C21: Ahmed Hamdy | D21: 3 | E21: =X21-W21+1 -> 1 | F21: =$C$5+INT((W21-1)/5)*7+MOD(W21-1,5) -> 46299 | G21: =$C$5+INT((X21-1)/5)*7+MOD(X21-1,5) -> 46299 | J21: Done | K21: 1 | L21: =IFERROR(COUNTIFS(Checklist!$D:$D,"A1.1",Checklist!$I:$I,"Yes")/COUNTIF(Checklist!$D:$D,"A1.1"),0) -> 0 | M21: =IF(AND(J21="Done",K21<1),"Check",IF(AND(J21="In progress",K21=0),"Check",IF(AND(K21>=1,J21<>"Done"),"Check",IF(J21="Done","Done",IF(J21="Blocked","Blocked",IF(AND($C$7>X21,K21<1),"Late","")))))) -> Done | P21: =IF(AND(W21<=5,X21>=1),2,"") -> 2 | Q21: =IF(AND(W21<=10,X21>=6),2,"") | R21: =IF(AND(W21<=15,X21>=11),2,"") | S21: =IF(AND(W21<=20,X21>=16),2,"") | T21: =IF(AND(W21<=25,X21>=21),2,"") | U21: =IF(AND(W21<=30,X21>=26),2,"") | W21: =$W$20+INT(SUM(D$21:D21)/8-D21/8+0.0001) -> 1 | X21: =MAX(W21,$W$20+ROUNDUP(SUM(D$21:D21)/8,0)-1) -> 1 | Y21: =E21 -> 1 | Z21: S | AA21: Ahmed Hamdy
A22: A1.2 | B22: Async streaming for refine / translate | C22: Ahmed Hamdy | D22: 1 | E22: =X22-W22+1 -> 1 | F22: =$C$5+INT((W22-1)/5)*7+MOD(W22-1,5) -> 46299 | G22: =$C$5+INT((X22-1)/5)*7+MOD(X22-1,5) -> 46299 | J22: Done | K22: 1 | L22: =IFERROR(COUNTIFS(Checklist!$D:$D,"A1.2",Checklist!$I:$I,"Yes")/COUNTIF(Checklist!$D:$D,"A1.2"),0) -> 0 | M22: =IF(AND(J22="Done",K22<1),"Check",IF(AND(J22="In progress",K22=0),"Check",IF(AND(K22>=1,J22<>"Done"),"Check",IF(J22="Done","Done",IF(J22="Blocked","Blocked",IF(AND($C$7>X22,K22<1),"Late","")))))) -> Done | P22: =IF(AND(W22<=5,X22>=1),2,"") -> 2 | Q22: =IF(AND(W22<=10,X22>=6),2,"") | R22: =IF(AND(W22<=15,X22>=11),2,"") | S22: =IF(AND(W22<=20,X22>=16),2,"") | T22: =IF(AND(W22<=25,X22>=21),2,"") | U22: =IF(AND(W22<=30,X22>=26),2,"") | W22: =$W$20+INT(SUM(D$21:D22)/8-D22/8+0.0001) -> 1 | X22: =MAX(W22,$W$20+ROUNDUP(SUM(D$21:D22)/8,0)-1) -> 1 | Y22: =E22 -> 1 | Z22: S | AA22: Ahmed Hamdy
A23: A1.3 | B23: Backoff + jitter on 429/5xx; remove key rotation | C23: Ahmed Hamdy | D23: 1 | E23: =X23-W23+1 -> 1 | F23: =$C$5+INT((W23-1)/5)*7+MOD(W23-1,5) -> 46299 | G23: =$C$5+INT((X23-1)/5)*7+MOD(X23-1,5) -> 46299 | J23: In progress | K23: 0.95 | L23: =IFERROR(COUNTIFS(Checklist!$D:$D,"A1.3",Checklist!$I:$I,"Yes")/COUNTIF(Checklist!$D:$D,"A1.3"),0) -> 0 | M23: =IF(AND(J23="Done",K23<1),"Check",IF(AND(J23="In progress",K23=0),"Check",IF(AND(K23>=1,J23<>"Done"),"Check",IF(J23="Done","Done",IF(J23="Blocked","Blocked",IF(AND($C$7>X23,K23<1),"Late","")))))) | P23: =IF(AND(W23<=5,X23>=1),2,"") -> 2 | Q23: =IF(AND(W23<=10,X23>=6),2,"") | R23: =IF(AND(W23<=15,X23>=11),2,"") | S23: =IF(AND(W23<=20,X23>=16),2,"") | T23: =IF(AND(W23<=25,X23>=21),2,"") | U23: =IF(AND(W23<=30,X23>=26),2,"") | W23: =$W$20+INT(SUM(D$21:D23)/8-D23/8+0.0001) -> 1 | X23: =MAX(W23,$W$20+ROUNDUP(SUM(D$21:D23)/8,0)-1) -> 1 | Y23: =E23 -> 1 | Z23: S | AA23: Ahmed Hamdy
A24: A1.4 | B24: Per-model concurrency limits (semaphores) | C24: Ahmed Hamdy | D24: 1 | E24: =X24-W24+1 -> 1 | F24: =$C$5+INT((W24-1)/5)*7+MOD(W24-1,5) -> 46299 | G24: =$C$5+INT((X24-1)/5)*7+MOD(X24-1,5) -> 46299 | J24: Done | K24: 1 | L24: =IFERROR(COUNTIFS(Checklist!$D:$D,"A1.4",Checklist!$I:$I,"Yes")/COUNTIF(Checklist!$D:$D,"A1.4"),0) -> 0 | M24: =IF(AND(J24="Done",K24<1),"Check",IF(AND(J24="In progress",K24=0),"Check",IF(AND(K24>=1,J24<>"Done"),"Check",IF(J24="Done","Done",IF(J24="Blocked","Blocked",IF(AND($C$7>X24,K24<1),"Late","")))))) -> Done | P24: =IF(AND(W24<=5,X24>=1),2,"") -> 2 | Q24: =IF(AND(W24<=10,X24>=6),2,"") | R24: =IF(AND(W24<=15,X24>=11),2,"") | S24: =IF(AND(W24<=20,X24>=16),2,"") | T24: =IF(AND(W24<=25,X24>=21),2,"") | U24: =IF(AND(W24<=30,X24>=26),2,"") | W24: =$W$20+INT(SUM(D$21:D24)/8-D24/8+0.0001) -> 1 | X24: =MAX(W24,$W$20+ROUNDUP(SUM(D$21:D24)/8,0)-1) -> 1 | Y24: =E24 -> 1 | Z24: S | AA24: Ahmed Hamdy
A25: A1.5 | B25: Test: 30 parallel analyses | C25: Ahmed Hamdy | D25: 3 | E25: =X25-W25+1 -> 2 | F25: =$C$5+INT((W25-1)/5)*7+MOD(W25-1,5) -> 46299 | G25: =$C$5+INT((X25-1)/5)*7+MOD(X25-1,5) -> 46300 | J25: Done | K25: 1 | L25: =IFERROR(COUNTIFS(Checklist!$D:$D,"A1.5",Checklist!$I:$I,"Yes")/COUNTIF(Checklist!$D:$D,"A1.5"),0) -> 0 | M25: =IF(AND(J25="Done",K25<1),"Check",IF(AND(J25="In progress",K25=0),"Check",IF(AND(K25>=1,J25<>"Done"),"Check",IF(J25="Done","Done",IF(J25="Blocked","Blocked",IF(AND($C$7>X25,K25<1),"Late","")))))) -> Done | P25: =IF(AND(W25<=5,X25>=1),2,"") -> 2 | Q25: =IF(AND(W25<=10,X25>=6),2,"") | R25: =IF(AND(W25<=15,X25>=11),2,"") | S25: =IF(AND(W25<=20,X25>=16),2,"") | T25: =IF(AND(W25<=25,X25>=21),2,"") | U25: =IF(AND(W25<=30,X25>=26),2,"") | W25: =$W$20+INT(SUM(D$21:D25)/8-D25/8+0.0001) -> 1 | X25: =MAX(W25,$W$20+ROUNDUP(SUM(D$21:D25)/8,0)-1) -> 2 | Y25: =E25 -> 2 | Z25: S | AA25: Ahmed Hamdy
A26: A2 | B26: Azure foundation: Key Vault, managed identities, private endpoints, App Insights | C26: Ahmed Hamdy | D26: =SUM(D27:D30) -> 4 | E26: =ROUNDUP(D26/8,0) -> 1 | F26: =$C$5+INT((W26-1)/5)*7+MOD(W26-1,5) -> 46301 | G26: =$C$5+INT((X26-1)/5)*7+MOD(X26-1,5) -> 46301 | H26: — | I26: No secrets in code; private access only; traces visible | J26: =IF(K26>=1,"Done",IF(COUNTIF(J27:J30,"Blocked")>0,"Blocked",IF(OR(K26>0,COUNTIF(J27:J30,"In progress")>0),"In progress","Not started"))) -> In progress | K26: =IFERROR(SUMPRODUCT(D27:D30,K27:K30)/D26,0) -> 0 | L26: =IFERROR(SUMPRODUCT(D27:D30,L27:L30)/D26,0) -> 0 | M26: =IF(J26="Done","Done",IF(J26="Blocked","Blocked",IF(AND($C$7>X26,K26<1),"Late",""))) | N26: =IF(COUNTIF(J27:J30,"Blocked")>0,"Blocked subtask — see below","") | P26: =IF(AND(W26<=5,X26>=1),1,"") -> 1 | Q26: =IF(AND(W26<=10,X26>=6),1,"") | R26: =IF(AND(W26<=15,X26>=11),1,"") | S26: =IF(AND(W26<=20,X26>=16),1,"") | T26: =IF(AND(W26<=25,X26>=21),1,"") | U26: =IF(AND(W26<=30,X26>=26),1,"") | W26: =MAX(IFERROR(INDEX($X$14:$X$400,MATCH(AC26,$A$14:$A$400,0)),0),IFERROR(INDEX($X$14:$X$400,MATCH(AD26,$A$14:$A$400,0)),0),IFERROR(INDEX($X$14:$X$400,MATCH(AE26,$A$14:$A$400,0)),0),IFERROR(INDEX($X$14:$X$400,MATCH(AF26,$A$14:$A$400,0)),0),IFERROR(INDEX($X$14:$X$400,MATCH(AG26,$A$14:$A$400,0)),0),IFERROR(INDEX($X$14:$X$400,MATCH(AH26,$A$14:$A$400,0)),0),IFERROR(INDEX($X$14:$X$400,MATCH(AI26,$A$14:$A$400,0)),0),IFERROR(INDEX($X$14:$X$400,MATCH(AB26,$A$14:$A$400,0)),0))+1 -> 3 | X26: =W26+Y26-1 -> 3 | Y26: =E26 -> 1 | Z26: T | AA26: Ahmed Hamdy | AB26: A1
A27: A2.1 | B27: Key Vault; move all secrets | C27: Ahmed Hamdy | D27: 1 | E27: =X27-W27+1 -> 1 | F27: =$C$5+INT((W27-1)/5)*7+MOD(W27-1,5) -> 46301 | G27: =$C$5+INT((X27-1)/5)*7+MOD(X27-1,5) -> 46301 | J27: In progress | K27: 0 | L27: =IFERROR(COUNTIFS(Checklist!$D:$D,"A2.1",Checklist!$I:$I,"Yes")/COUNTIF(Checklist!$D:$D,"A2.1"),0) -> 0 | M27: =IF(AND(J27="Done",K27<1),"Check",IF(AND(J27="In progress",K27=0),"Check",IF(AND(K27>=1,J27<>"Done"),"Check",IF(J27="Done","Done",IF(J27="Blocked","Blocked",IF(AND($C$7>X27,K27<1),"Late","")))))) -> Check | P27: =IF(AND(W27<=5,X27>=1),2,"") -> 2 | Q27: =IF(AND(W27<=10,X27>=6),2,"") | R27: =IF(AND(W27<=15,X27>=11),2,"") | S27: =IF(AND(W27<=20,X27>=16),2,"") | T27: =IF(AND(W27<=25,X27>=21),2,"") | U27: =IF(AND(W27<=30,X27>=26),2,"") | W27: =$W$26+INT(SUM(D$27:D27)/8-D27/8+0.0001) -> 3 | X27: =MAX(W27,$W$26+ROUNDUP(SUM(D$27:D27)/8,0)-1) -> 3 | Y27: =E27 -> 1 | Z27: S | AA27: Ahmed Hamdy
A28: A2.2 | B28: Managed identities + RBAC | C28: Ahmed Hamdy | D28: 1 | E28: =X28-W28+1 -> 1 | F28: =$C$5+INT((W28-1)/5)*7+MOD(W28-1,5) -> 46301 | G28: =$C$5+INT((X28-1)/5)*7+MOD(X28-1,5) -> 46301 | J28: In progress | K28: 0 | L28: =IFERROR(COUNTIFS(Checklist!$D:$D,"A2.2",Checklist!$I:$I,"Yes")/COUNTIF(Checklist!$D:$D,"A2.2"),0) -> 0 | M28: =IF(AND(J28="Done",K28<1),"Check",IF(AND(J28="In progress",K28=0),"Check",IF(AND(K28>=1,J28<>"Done"),"Check",IF(J28="Done","Done",IF(J28="Blocked","Blocked",IF(AND($C$7>X28,K28<1),"Late","")))))) -> Check | P28: =IF(AND(W28<=5,X28>=1),2,"") -> 2 | Q28: =IF(AND(W28<=10,X28>=6),2,"") | R28: =IF(AND(W28<=15,X28>=11),2,"") | S28: =IF(AND(W28<=20,X28>=16),2,"") | T28: =IF(AND(W28<=25,X28>=21),2,"") | U28: =IF(AND(W28<=30,X28>=26),2,"") | W28: =$W$26+INT(SUM(D$27:D28)/8-D28/8+0.0001) -> 3 | X28: =MAX(W28,$W$26+ROUNDUP(SUM(D$27:D28)/8,0)-1) -> 3 | Y28: =E28 -> 1 | Z28: S | AA28: Ahmed Hamdy
A29: A2.3 | B29: Private endpoints + DNS (Foundry, Key Vault) | C29: Ahmed Hamdy | D29: 1 | E29: =X29-W29+1 -> 1 | F29: =$C$5+INT((W29-1)/5)*7+MOD(W29-1,5) -> 46301 | G29: =$C$5+INT((X29-1)/5)*7+MOD(X29-1,5) -> 46301 | J29: In progress | K29: 0 | L29: =IFERROR(COUNTIFS(Checklist!$D:$D,"A2.3",Checklist!$I:$I,"Yes")/COUNTIF(Checklist!$D:$D,"A2.3"),0) -> 0 | M29: =IF(AND(J29="Done",K29<1),"Check",IF(AND(J29="In progress",K29=0),"Check",IF(AND(K29>=1,J29<>"Done"),"Check",IF(J29="Done","Done",IF(J29="Blocked","Blocked",IF(AND($C$7>X29,K29<1),"Late","")))))) -> Check | P29: =IF(AND(W29<=5,X29>=1),2,"") -> 2 | Q29: =IF(AND(W29<=10,X29>=6),2,"") | R29: =IF(AND(W29<=15,X29>=11),2,"") | S29: =IF(AND(W29<=20,X29>=16),2,"") | T29: =IF(AND(W29<=25,X29>=21),2,"") | U29: =IF(AND(W29<=30,X29>=26),2,"") | W29: =$W$26+INT(SUM(D$27:D29)/8-D29/8+0.0001) -> 3 | X29: =MAX(W29,$W$26+ROUNDUP(SUM(D$27:D29)/8,0)-1) -> 3 | Y29: =E29 -> 1 | Z29: S | AA29: Ahmed Hamdy
A30: A2.4 | B30: App Insights, no patient text in logs | C30: Ahmed Hamdy | D30: 1 | E30: =X30-W30+1 -> 1 | F30: =$C$5+INT((W30-1)/5)*7+MOD(W30-1,5) -> 46301 | G30: =$C$5+INT((X30-1)/5)*7+MOD(X30-1,5) -> 46301 | J30: In progress | K30: 0 | L30: =IFERROR(COUNTIFS(Checklist!$D:$D,"A2.4",Checklist!$I:$I,"Yes")/COUNTIF(Checklist!$D:$D,"A2.4"),0) -> 0 | M30: =IF(AND(J30="Done",K30<1),"Check",IF(AND(J30="In progress",K30=0),"Check",IF(AND(K30>=1,J30<>"Done"),"Check",IF(J30="Done","Done",IF(J30="Blocked","Blocked",IF(AND($C$7>X30,K30<1),"Late","")))))) -> Check | P30: =IF(AND(W30<=5,X30>=1),2,"") -> 2 | Q30: =IF(AND(W30<=10,X30>=6),2,"") | R30: =IF(AND(W30<=15,X30>=11),2,"") | S30: =IF(AND(W30<=20,X30>=16),2,"") | T30: =IF(AND(W30<=25,X30>=21),2,"") | U30: =IF(AND(W30<=30,X30>=26),2,"") | W30: =$W$26+INT(SUM(D$27:D30)/8-D30/8+0.0001) -> 3 | X30: =MAX(W30,$W$26+ROUNDUP(SUM(D$27:D30)/8,0)-1) -> 3 | Y30: =E30 -> 1 | Z30: S | AA30: Ahmed Hamdy
A31: B5 | B31: Incremental structuring: structure each transcript segment live, consolidate at end | C31: Ahmed Hamdy | D31: =SUM(D32:D34) -> 8 | E31: =ROUNDUP(D31/8,0) -> 1 | F31: =$C$5+INT((W31-1)/5)*7+MOD(W31-1,5) -> 46302 | G31: =$C$5+INT((X31-1)/5)*7+MOD(X31-1,5) -> 46302 | H31: B1 | I31: Final note ≤ 3 s after stop; no fidelity loss | J31: =IF(K31>=1,"Done",IF(COUNTIF(J32:J34,"Blocked")>0,"Blocked",IF(OR(K31>0,COUNTIF(J32:J34,"In progress")>0),"In progress","Not started"))) -> In progress | K31: =IFERROR(SUMPRODUCT(D32:D34,K32:K34)/D31,0) -> 0 | L31: =IFERROR(SUMPRODUCT(D32:D34,L32:L34)/D31,0) -> 0 | M31: =IF(J31="Done","Done",IF(J31="Blocked","Blocked",IF(AND($C$7>X31,K31<1),"Late",""))) | N31: =IF(COUNTIF(J32:J34,"Blocked")>0,"Blocked subtask — see below","") | P31: =IF(AND(W31<=5,X31>=1),1,"") -> 1 | Q31: =IF(AND(W31<=10,X31>=6),1,"") | R31: =IF(AND(W31<=15,X31>=11),1,"") | S31: =IF(AND(W31<=20,X31>=16),1,"") | T31: =IF(AND(W31<=25,X31>=21),1,"") | U31: =IF(AND(W31<=30,X31>=26),1,"") | W31: =MAX(IFERROR(INDEX($X$14:$X$400,MATCH(AC31,$A$14:$A$400,0)),0),IFERROR(INDEX($X$14:$X$400,MATCH(AD31,$A$14:$A$400,0)),0),IFERROR(INDEX($X$14:$X$400,MATCH(AE31,$A$14:$A$400,0)),0),IFERROR(INDEX($X$14:$X$400,MATCH(AF31,$A$14:$A$400,0)),0),IFERROR(INDEX($X$14:$X$400,MATCH(AG31,$A$14:$A$400,0)),0),IFERROR(INDEX($X$14:$X$400,MATCH(AH31,$A$14:$A$400,0)),0),IFERROR(INDEX($X$14:$X$400,MATCH(AI31,$A$14:$A$400,0)),0),IFERROR(INDEX($X$14:$X$400,MATCH(AB31,$A$14:$A$400,0)),0))+1 -> 4 | X31: =W31+Y31-1 -> 4 | Y31: =E31 -> 1 | Z31: T | AA31: Ahmed Hamdy | AB31: A2 | AC31: B1
A32: B5.1 | B32: Structure each final transcript segment with running context | C32: Ahmed Hamdy | D32: 4 | E32: =X32-W32+1 -> 1 | F32: =$C$5+INT((W32-1)/5)*7+MOD(W32-1,5) -> 46302 | G32: =$C$5+INT((X32-1)/5)*7+MOD(X32-1,5) -> 46302 | J32: In progress | K32: 0 | L32: =IFERROR(COUNTIFS(Checklist!$D:$D,"B5.1",Checklist!$I:$I,"Yes")/COUNTIF(Checklist!$D:$D,"B5.1"),0) -> 0 | M32: =IF(AND(J32="Done",K32<1),"Check",IF(AND(J32="In progress",K32=0),"Check",IF(AND(K32>=1,J32<>"Done"),"Check",IF(J32="Done","Done",IF(J32="Blocked","Blocked",IF(AND($C$7>X32,K32<1),"Late","")))))) -> Check | P32: =IF(AND(W32<=5,X32>=1),2,"") -> 2 | Q32: =IF(AND(W32<=10,X32>=6),2,"") | R32: =IF(AND(W32<=15,X32>=11),2,"") | S32: =IF(AND(W32<=20,X32>=16),2,"") | T32: =IF(AND(W32<=25,X32>=21),2,"") | U32: =IF(AND(W32<=30,X32>=26),2,"") | W32: =$W$31+INT(SUM(D$32:D32)/8-D32/8+0.0001) -> 4 | X32: =MAX(W32,$W$31+ROUNDUP(SUM(D$32:D32)/8,0)-1) -> 4 | Y32: =E32 -> 1 | Z32: S | AA32: Ahmed Hamdy
A33: B5.2 | B33: Consolidation pass when dictation stops | C33: Ahmed Hamdy | D33: 2 | E33: =X33-W33+1 -> 1 | F33: =$C$5+INT((W33-1)/5)*7+MOD(W33-1,5) -> 46302 | G33: =$C$5+INT((X33-1)/5)*7+MOD(X33-1,5) -> 46302 | J33: In progress | K33: 0 | L33: =IFERROR(COUNTIFS(Checklist!$D:$D,"B5.2",Checklist!$I:$I,"Yes")/COUNTIF(Checklist!$D:$D,"B5.2"),0) -> 0 | M33: =IF(AND(J33="Done",K33<1),"Check",IF(AND(J33="In progress",K33=0),"Check",IF(AND(K33>=1,J33<>"Done"),"Check",IF(J33="Done","Done",IF(J33="Blocked","Blocked",IF(AND($C$7>X33,K33<1),"Late","")))))) -> Check | P33: =IF(AND(W33<=5,X33>=1),2,"") -> 2 | Q33: =IF(AND(W33<=10,X33>=6),2,"") | R33: =IF(AND(W33<=15,X33>=11),2,"") | S33: =IF(AND(W33<=20,X33>=16),2,"") | T33: =IF(AND(W33<=25,X33>=21),2,"") | U33: =IF(AND(W33<=30,X33>=26),2,"") | W33: =$W$31+INT(SUM(D$32:D33)/8-D33/8+0.0001) -> 4 | X33: =MAX(W33,$W$31+ROUNDUP(SUM(D$32:D33)/8,0)-1) -> 4 | Y33: =E33 -> 1 | Z33: S | AA33: Ahmed Hamdy
A34: B5.3 | B34: Compare with one-shot on 10 transcripts | C34: Ahmed Hamdy | D34: 2 | E34: =X34-W34+1 -> 1 | F34: =$C$5+INT((W34-1)/5)*7+MOD(W34-1,5) -> 46302 | G34: =$C$5+INT((X34-1)/5)*7+MOD(X34-1,5) -> 46302 | J34: In progress | K34: 0 | L34: =IFERROR(COUNTIFS(Checklist!$D:$D,"B5.3",Checklist!$I:$I,"Yes")/COUNTIF(Checklist!$D:$D,"B5.3"),0) -> 0 | M34: =IF(AND(J34="Done",K34<1),"Check",IF(AND(J34="In progress",K34=0),"Check",IF(AND(K34>=1,J34<>"Done"),"Check",IF(J34="Done","Done",IF(J34="Blocked","Blocked",IF(AND($C$7>X34,K34<1),"Late","")))))) -> Check | P34: =IF(AND(W34<=5,X34>=1),2,"") -> 2 | Q34: =IF(AND(W34<=10,X34>=6),2,"") | R34: =IF(AND(W34<=15,X34>=11),2,"") | S34: =IF(AND(W34<=20,X34>=16),2,"") | T34: =IF(AND(W34<=25,X34>=21),2,"") | U34: =IF(AND(W34<=30,X34>=26),2,"") | W34: =$W$31+INT(SUM(D$32:D34)/8-D34/8+0.0001) -> 4 | X34: =MAX(W34,$W$31+ROUNDUP(SUM(D$32:D34)/8,0)-1) -> 4 | Y34: =E34 -> 1 | Z34: S | AA34: Ahmed Hamdy
A35: B4 | B35: Reasoning router: rule-based triggers, GPT-5.6 Terra default, one-step escalation to Sol, audit | C35: Ahmed Hamdy | D35: =SUM(D36:D38) -> 10 | E35: =ROUNDUP(D35/8,0) -> 2 | F35: =$C$5+INT((W35-1)/5)*7+MOD(W35-1,5) -> 46306 | G35: =$C$5+INT((X35-1)/5)*7+MOD(X35-1,5) -> 46307 | H35: B3, B0 | I35: Every routed case has an audit entry; tests pass | J35: =IF(K35>=1,"Done",IF(COUNTIF(J36:J38,"Blocked")>0,"Blocked",IF(OR(K35>0,COUNTIF(J36:J38,"In progress")>0),"In progress","Not started"))) -> Not started | K35: =IFERROR(SUMPRODUCT(D36:D38,K36:K38)/D35,0) -> 0 | L35: =IFERROR(SUMPRODUCT(D36:D38,L36:L38)/D35,0) -> 0 | M35: =IF(J35="Done","Done",IF(J35="Blocked","Blocked",IF(AND($C$7>X35,K35<1),"Late",""))) | N35: =IF(COUNTIF(J36:J38,"Blocked")>0,"Blocked subtask — see below","") | P35: =IF(AND(W35<=5,X35>=1),1,"") | Q35: =IF(AND(W35<=10,X35>=6),1,"") -> 1 | R35: =IF(AND(W35<=15,X35>=11),1,"") | S35: =IF(AND(W35<=20,X35>=16),1,"") | T35: =IF(AND(W35<=25,X35>=21),1,"") | U35: =IF(AND(W35<=30,X35>=26),1,"") | W35: =MAX(IFERROR(INDEX($X$14:$X$400,MATCH(AC35,$A$14:$A$400,0)),0),IFERROR(INDEX($X$14:$X$400,MATCH(AD35,$A$14:$A$400,0)),0),IFERROR(INDEX($X$14:$X$400,MATCH(AE35,$A$14:$A$400,0)),0),IFERROR(INDEX($X$14:$X$400,MATCH(AF35,$A$14:$A$400,0)),0),IFERROR(INDEX($X$14:$X$400,MATCH(AG35,$A$14:$A$400,0)),0),IFERROR(INDEX($X$14:$X$400,MATCH(AH35,$A$14:$A$400,0)),0),IFERROR(INDEX($X$14:$X$400,MATCH(AI35,$A$14:$A$400,0)),0),IFERROR(INDEX($X$14:$X$400,MATCH(AB35,$A$14:$A$400,0)),0))+1 -> 6 | X35: =W35+Y35-1 -> 7 | Y35: =E35 -> 2 | Z35: T | AA35: Ahmed Hamdy | AB35: B5 | AC35: B3 | AD35: B0
A36: B4.1 | B36: Trigger rules as a pure function | C36: Ahmed Hamdy | D36: 4 | E36: =X36-W36+1 -> 1 | F36: =$C$5+INT((W36-1)/5)*7+MOD(W36-1,5) -> 46306 | G36: =$C$5+INT((X36-1)/5)*7+MOD(X36-1,5) -> 46306 | J36: Not started | K36: 0 | L36: =IFERROR(COUNTIFS(Checklist!$D:$D,"B4.1",Checklist!$I:$I,"Yes")/COUNTIF(Checklist!$D:$D,"B4.1"),0) -> 0 | M36: =IF(AND(J36="Done",K36<1),"Check",IF(AND(J36="In progress",K36=0),"Check",IF(AND(K36>=1,J36<>"Done"),"Check",IF(J36="Done","Done",IF(J36="Blocked","Blocked",IF(AND($C$7>X36,K36<1),"Late","")))))) | P36: =IF(AND(W36<=5,X36>=1),2,"") | Q36: =IF(AND(W36<=10,X36>=6),2,"") -> 2 | R36: =IF(AND(W36<=15,X36>=11),2,"") | S36: =IF(AND(W36<=20,X36>=16),2,"") | T36: =IF(AND(W36<=25,X36>=21),2,"") | U36: =IF(AND(W36<=30,X36>=26),2,"") | W36: =$W$35+INT(SUM(D$36:D36)/8-D36/8+0.0001) -> 6 | X36: =MAX(W36,$W$35+ROUNDUP(SUM(D$36:D36)/8,0)-1) -> 6 | Y36: =E36 -> 1 | Z36: S | AA36: Ahmed Hamdy
A37: B4.2 | B37: Terra default; one escalation to Sol | C37: Ahmed Hamdy | D37: 2 | E37: =X37-W37+1 -> 1 | F37: =$C$5+INT((W37-1)/5)*7+MOD(W37-1,5) -> 46306 | G37: =$C$5+INT((X37-1)/5)*7+MOD(X37-1,5) -> 46306 | J37: Not started | K37: 0 | L37: =IFERROR(COUNTIFS(Checklist!$D:$D,"B4.2",Checklist!$I:$I,"Yes")/COUNTIF(Checklist!$D:$D,"B4.2"),0) -> 0 | M37: =IF(AND(J37="Done",K37<1),"Check",IF(AND(J37="In progress",K37=0),"Check",IF(AND(K37>=1,J37<>"Done"),"Check",IF(J37="Done","Done",IF(J37="Blocked","Blocked",IF(AND($C$7>X37,K37<1),"Late","")))))) | P37: =IF(AND(W37<=5,X37>=1),2,"") | Q37: =IF(AND(W37<=10,X37>=6),2,"") -> 2 | R37: =IF(AND(W37<=15,X37>=11),2,"") | S37: =IF(AND(W37<=20,X37>=16),2,"") | T37: =IF(AND(W37<=25,X37>=21),2,"") | U37: =IF(AND(W37<=30,X37>=26),2,"") | W37: =$W$35+INT(SUM(D$36:D37)/8-D37/8+0.0001) -> 6 | X37: =MAX(W37,$W$35+ROUNDUP(SUM(D$36:D37)/8,0)-1) -> 6 | Y37: =E37 -> 1 | Z37: S | AA37: Ahmed Hamdy
A38: B4.3 | B38: Audit record + unit tests | C38: Ahmed Hamdy | D38: 4 | E38: =X38-W38+1 -> 2 | F38: =$C$5+INT((W38-1)/5)*7+MOD(W38-1,5) -> 46306 | G38: =$C$5+INT((X38-1)/5)*7+MOD(X38-1,5) -> 46307 | J38: Not started | K38: 0 | L38: =IFERROR(COUNTIFS(Checklist!$D:$D,"B4.3",Checklist!$I:$I,"Yes")/COUNTIF(Checklist!$D:$D,"B4.3"),0) -> 0 | M38: =IF(AND(J38="Done",K38<1),"Check",IF(AND(J38="In progress",K38=0),"Check",IF(AND(K38>=1,J38<>"Done"),"Check",IF(J38="Done","Done",IF(J38="Blocked","Blocked",IF(AND($C$7>X38,K38<1),"Late","")))))) | P38: =IF(AND(W38<=5,X38>=1),2,"") | Q38: =IF(AND(W38<=10,X38>=6),2,"") -> 2 | R38: =IF(AND(W38<=15,X38>=11),2,"") | S38: =IF(AND(W38<=20,X38>=16),2,"") | T38: =IF(AND(W38<=25,X38>=21),2,"") | U38: =IF(AND(W38<=30,X38>=26),2,"") | W38: =$W$35+INT(SUM(D$36:D38)/8-D38/8+0.0001) -> 6 | X38: =MAX(W38,$W$35+ROUNDUP(SUM(D$36:D38)/8,0)-1) -> 7 | Y38: =E38 -> 2 | Z38: S | AA38: Ahmed Hamdy
A39: A4 | B39: CI/CD pipeline and staging environment | C39: Ahmed Hamdy | D39: =SUM(D40:D42) -> 11 | E39: =ROUNDUP(D39/8,0) -> 2 | F39: =$C$5+INT((W39-1)/5)*7+MOD(W39-1,5) -> 46308 | G39: =$C$5+INT((X39-1)/5)*7+MOD(X39-1,5) -> 46309 | H39: A2 | I39: Pipeline green; staging reachable privately | J39: =IF(K39>=1,"Done",IF(COUNTIF(J40:J42,"Blocked")>0,"Blocked",IF(OR(K39>0,COUNTIF(J40:J42,"In progress")>0),"In progress","Not started"))) -> Not started | K39: =IFERROR(SUMPRODUCT(D40:D42,K40:K42)/D39,0) -> 0 | L39: =IFERROR(SUMPRODUCT(D40:D42,L40:L42)/D39,0) -> 0 | M39: =IF(J39="Done","Done",IF(J39="Blocked","Blocked",IF(AND($C$7>X39,K39<1),"Late",""))) | N39: =IF(COUNTIF(J40:J42,"Blocked")>0,"Blocked subtask — see below","") | P39: =IF(AND(W39<=5,X39>=1),1,"") | Q39: =IF(AND(W39<=10,X39>=6),1,"") -> 1 | R39: =IF(AND(W39<=15,X39>=11),1,"") | S39: =IF(AND(W39<=20,X39>=16),1,"") | T39: =IF(AND(W39<=25,X39>=21),1,"") | U39: =IF(AND(W39<=30,X39>=26),1,"") | W39: =MAX(IFERROR(INDEX($X$14:$X$400,MATCH(AC39,$A$14:$A$400,0)),0),IFERROR(INDEX($X$14:$X$400,MATCH(AD39,$A$14:$A$400,0)),0),IFERROR(INDEX($X$14:$X$400,MATCH(AE39,$A$14:$A$400,0)),0),IFERROR(INDEX($X$14:$X$400,MATCH(AF39,$A$14:$A$400,0)),0),IFERROR(INDEX($X$14:$X$400,MATCH(AG39,$A$14:$A$400,0)),0),IFERROR(INDEX($X$14:$X$400,MATCH(AH39,$A$14:$A$400,0)),0),IFERROR(INDEX($X$14:$X$400,MATCH(AI39,$A$14:$A$400,0)),0),IFERROR(INDEX($X$14:$X$400,MATCH(AB39,$A$14:$A$400,0)),0))+1 -> 8 | X39: =W39+Y39-1 -> 9 | Y39: =E39 -> 2 | Z39: T | AA39: Ahmed Hamdy | AB39: B4 | AC39: A2
A40: A4.1 | B40: CI pipeline: lint, test, build, push | C40: Ahmed Hamdy | D40: 3 | E40: =X40-W40+1 -> 1 | F40: =$C$5+INT((W40-1)/5)*7+MOD(W40-1,5) -> 46308 | G40: =$C$5+INT((X40-1)/5)*7+MOD(X40-1,5) -> 46308 | J40: Not started | K40: 0 | L40: =IFERROR(COUNTIFS(Checklist!$D:$D,"A4.1",Checklist!$I:$I,"Yes")/COUNTIF(Checklist!$D:$D,"A4.1"),0) -> 0 | M40: =IF(AND(J40="Done",K40<1),"Check",IF(AND(J40="In progress",K40=0),"Check",IF(AND(K40>=1,J40<>"Done"),"Check",IF(J40="Done","Done",IF(J40="Blocked","Blocked",IF(AND($C$7>X40,K40<1),"Late","")))))) | P40: =IF(AND(W40<=5,X40>=1),2,"") | Q40: =IF(AND(W40<=10,X40>=6),2,"") -> 2 | R40: =IF(AND(W40<=15,X40>=11),2,"") | S40: =IF(AND(W40<=20,X40>=16),2,"") | T40: =IF(AND(W40<=25,X40>=21),2,"") | U40: =IF(AND(W40<=30,X40>=26),2,"") | W40: =$W$39+INT(SUM(D$40:D40)/8-D40/8+0.0001) -> 8 | X40: =MAX(W40,$W$39+ROUNDUP(SUM(D$40:D40)/8,0)-1) -> 8 | Y40: =E40 -> 1 | Z40: S | AA40: Ahmed Hamdy
A41: A4.2 | B41: Staging environment | C41: Ahmed Hamdy | D41: 4 | E41: =X41-W41+1 -> 1 | F41: =$C$5+INT((W41-1)/5)*7+MOD(W41-1,5) -> 46308 | G41: =$C$5+INT((X41-1)/5)*7+MOD(X41-1,5) -> 46308 | J41: Not started | K41: 0 | L41: =IFERROR(COUNTIFS(Checklist!$D:$D,"A4.2",Checklist!$I:$I,"Yes")/COUNTIF(Checklist!$D:$D,"A4.2"),0) -> 0 | M41: =IF(AND(J41="Done",K41<1),"Check",IF(AND(J41="In progress",K41=0),"Check",IF(AND(K41>=1,J41<>"Done"),"Check",IF(J41="Done","Done",IF(J41="Blocked","Blocked",IF(AND($C$7>X41,K41<1),"Late","")))))) | P41: =IF(AND(W41<=5,X41>=1),2,"") | Q41: =IF(AND(W41<=10,X41>=6),2,"") -> 2 | R41: =IF(AND(W41<=15,X41>=11),2,"") | S41: =IF(AND(W41<=20,X41>=16),2,"") | T41: =IF(AND(W41<=25,X41>=21),2,"") | U41: =IF(AND(W41<=30,X41>=26),2,"") | W41: =$W$39+INT(SUM(D$40:D41)/8-D41/8+0.0001) -> 8 | X41: =MAX(W41,$W$39+ROUNDUP(SUM(D$40:D41)/8,0)-1) -> 8 | Y41: =E41 -> 1 | Z41: S | AA41: Ahmed Hamdy
A42: A4.3 | B42: Smoke test + approval gate to production | C42: Ahmed Hamdy | D42: 4 | E42: =X42-W42+1 -> 2 | F42: =$C$5+INT((W42-1)/5)*7+MOD(W42-1,5) -> 46308 | G42: =$C$5+INT((X42-1)/5)*7+MOD(X42-1,5) -> 46309 | J42: Not started | K42: 0 | L42: =IFERROR(COUNTIFS(Checklist!$D:$D,"A4.3",Checklist!$I:$I,"Yes")/COUNTIF(Checklist!$D:$D,"A4.3"),0) -> 0 | M42: =IF(AND(J42="Done",K42<1),"Check",IF(AND(J42="In progress",K42=0),"Check",IF(AND(K42>=1,J42<>"Done"),"Check",IF(J42="Done","Done",IF(J42="Blocked","Blocked",IF(AND($C$7>X42,K42<1),"Late","")))))) | P42: =IF(AND(W42<=5,X42>=1),2,"") | Q42: =IF(AND(W42<=10,X42>=6),2,"") -> 2 | R42: =IF(AND(W42<=15,X42>=11),2,"") | S42: =IF(AND(W42<=20,X42>=16),2,"") | T42: =IF(AND(W42<=25,X42>=21),2,"") | U42: =IF(AND(W42<=30,X42>=26),2,"") | W42: =$W$39+INT(SUM(D$40:D42)/8-D42/8+0.0001) -> 8 | X42: =MAX(W42,$W$39+ROUNDUP(SUM(D$40:D42)/8,0)-1) -> 9 | Y42: =E42 -> 2 | Z42: S | AA42: Ahmed Hamdy
A43: A3 | B43: Deploy Foundry models: GPT-4o mini, GPT-5.6 Luna / Terra / Sol, structuring LLM | C43: Ahmed Hamdy | D43: =SUM(D44:D46) -> 7 | E43: =ROUNDUP(D43/8,0) -> 1 | F43: =$C$5+INT((W43-1)/5)*7+MOD(W43-1,5) -> 46310 | G43: =$C$5+INT((X43-1)/5)*7+MOD(X43-1,5) -> 46310 | H43: A2 | I43: All endpoints reachable via private endpoint; valid JSON | J43: =IF(K43>=1,"Done",IF(COUNTIF(J44:J46,"Blocked")>0,"Blocked",IF(OR(K43>0,COUNTIF(J44:J46,"In progress")>0),"In progress","Not started"))) -> Not started | K43: =IFERROR(SUMPRODUCT(D44:D46,K44:K46)/D43,0) -> 0 | L43: =IFERROR(SUMPRODUCT(D44:D46,L44:L46)/D43,0) -> 0 | M43: =IF(J43="Done","Done",IF(J43="Blocked","Blocked",IF(AND($C$7>X43,K43<1),"Late",""))) | N43: =IF(COUNTIF(J44:J46,"Blocked")>0,"Blocked subtask — see below","") | P43: =IF(AND(W43<=5,X43>=1),1,"") | Q43: =IF(AND(W43<=10,X43>=6),1,"") -> 1 | R43: =IF(AND(W43<=15,X43>=11),1,"") | S43: =IF(AND(W43<=20,X43>=16),1,"") | T43: =IF(AND(W43<=25,X43>=21),1,"") | U43: =IF(AND(W43<=30,X43>=26),1,"") | W43: =MAX(IFERROR(INDEX($X$14:$X$400,MATCH(AC43,$A$14:$A$400,0)),0),IFERROR(INDEX($X$14:$X$400,MATCH(AD43,$A$14:$A$400,0)),0),IFERROR(INDEX($X$14:$X$400,MATCH(AE43,$A$14:$A$400,0)),0),IFERROR(INDEX($X$14:$X$400,MATCH(AF43,$A$14:$A$400,0)),0),IFERROR(INDEX($X$14:$X$400,MATCH(AG43,$A$14:$A$400,0)),0),IFERROR(INDEX($X$14:$X$400,MATCH(AH43,$A$14:$A$400,0)),0),IFERROR(INDEX($X$14:$X$400,MATCH(AI43,$A$14:$A$400,0)),0),IFERROR(INDEX($X$14:$X$400,MATCH(AB43,$A$14:$A$400,0)),0))+1 -> 10 | X43: =W43+Y43-1 -> 10 | Y43: =E43 -> 1 | Z43: T | AA43: Ahmed Hamdy | AB43: A4 | AC43: A2
A44: A3.1 | B44: Deploy GPT-4o mini, Luna, Terra, Sol, DeepSeek V3 | C44: Ahmed Hamdy | D44: 1 | E44: =X44-W44+1 -> 1 | F44: =$C$5+INT((W44-1)/5)*7+MOD(W44-1,5) -> 46310 | G44: =$C$5+INT((X44-1)/5)*7+MOD(X44-1,5) -> 46310 | J44: Not started | K44: 0 | L44: =IFERROR(COUNTIFS(Checklist!$D:$D,"A3.1",Checklist!$I:$I,"Yes")/COUNTIF(Checklist!$D:$D,"A3.1"),0) -> 0 | M44: =IF(AND(J44="Done",K44<1),"Check",IF(AND(J44="In progress",K44=0),"Check",IF(AND(K44>=1,J44<>"Done"),"Check",IF(J44="Done","Done",IF(J44="Blocked","Blocked",IF(AND($C$7>X44,K44<1),"Late","")))))) | P44: =IF(AND(W44<=5,X44>=1),2,"") | Q44: =IF(AND(W44<=10,X44>=6),2,"") -> 2 | R44: =IF(AND(W44<=15,X44>=11),2,"") | S44: =IF(AND(W44<=20,X44>=16),2,"") | T44: =IF(AND(W44<=25,X44>=21),2,"") | U44: =IF(AND(W44<=30,X44>=26),2,"") | W44: =$W$43+INT(SUM(D$44:D44)/8-D44/8+0.0001) -> 10 | X44: =MAX(W44,$W$43+ROUNDUP(SUM(D$44:D44)/8,0)-1) -> 10 | Y44: =E44 -> 1 | Z44: S | AA44: Ahmed Hamdy
A45: A3.2 | B45: Record quotas; add to config | C45: Ahmed Hamdy | D45: 2 | E45: =X45-W45+1 -> 1 | F45: =$C$5+INT((W45-1)/5)*7+MOD(W45-1,5) -> 46310 | G45: =$C$5+INT((X45-1)/5)*7+MOD(X45-1,5) -> 46310 | J45: Not started | K45: 0 | L45: =IFERROR(COUNTIFS(Checklist!$D:$D,"A3.2",Checklist!$I:$I,"Yes")/COUNTIF(Checklist!$D:$D,"A3.2"),0) -> 0 | M45: =IF(AND(J45="Done",K45<1),"Check",IF(AND(J45="In progress",K45=0),"Check",IF(AND(K45>=1,J45<>"Done"),"Check",IF(J45="Done","Done",IF(J45="Blocked","Blocked",IF(AND($C$7>X45,K45<1),"Late","")))))) | P45: =IF(AND(W45<=5,X45>=1),2,"") | Q45: =IF(AND(W45<=10,X45>=6),2,"") -> 2 | R45: =IF(AND(W45<=15,X45>=11),2,"") | S45: =IF(AND(W45<=20,X45>=16),2,"") | T45: =IF(AND(W45<=25,X45>=21),2,"") | U45: =IF(AND(W45<=30,X45>=26),2,"") | W45: =$W$43+INT(SUM(D$44:D45)/8-D45/8+0.0001) -> 10 | X45: =MAX(W45,$W$43+ROUNDUP(SUM(D$44:D45)/8,0)-1) -> 10 | Y45: =E45 -> 1 | Z45: S | AA45: Ahmed Hamdy
A46: A3.3 | B46: Strict-JSON smoke test; content-filter check | C46: Ahmed Hamdy | D46: 4 | E46: =X46-W46+1 -> 1 | F46: =$C$5+INT((W46-1)/5)*7+MOD(W46-1,5) -> 46310 | G46: =$C$5+INT((X46-1)/5)*7+MOD(X46-1,5) -> 46310 | J46: Not started | K46: 0 | L46: =IFERROR(COUNTIFS(Checklist!$D:$D,"A3.3",Checklist!$I:$I,"Yes")/COUNTIF(Checklist!$D:$D,"A3.3"),0) -> 0 | M46: =IF(AND(J46="Done",K46<1),"Check",IF(AND(J46="In progress",K46=0),"Check",IF(AND(K46>=1,J46<>"Done"),"Check",IF(J46="Done","Done",IF(J46="Blocked","Blocked",IF(AND($C$7>X46,K46<1),"Late","")))))) | P46: =IF(AND(W46<=5,X46>=1),2,"") | Q46: =IF(AND(W46<=10,X46>=6),2,"") -> 2 | R46: =IF(AND(W46<=15,X46>=11),2,"") | S46: =IF(AND(W46<=20,X46>=16),2,"") | T46: =IF(AND(W46<=25,X46>=21),2,"") | U46: =IF(AND(W46<=30,X46>=26),2,"") | W46: =$W$43+INT(SUM(D$44:D46)/8-D46/8+0.0001) -> 10 | X46: =MAX(W46,$W$43+ROUNDUP(SUM(D$44:D46)/8,0)-1) -> 10 | Y46: =E46 -> 1 | Z46: S | AA46: Ahmed Hamdy
A47: A5 | B47: Load-test harness for WebSocket + SSE sessions | C47: Ahmed Hamdy | D47: =SUM(D48:D49) -> 10 | E47: =ROUNDUP(D47/8,0) -> 2 | F47: =$C$5+INT((W47-1)/5)*7+MOD(W47-1,5) -> 46313 | G47: =$C$5+INT((X47-1)/5)*7+MOD(X47-1,5) -> 46314 | H47: A4 | I47: Harness runs both languages | J47: =IF(K47>=1,"Done",IF(COUNTIF(J48:J49,"Blocked")>0,"Blocked",IF(OR(K47>0,COUNTIF(J48:J49,"In progress")>0),"In progress","Not started"))) -> Not started | K47: =IFERROR(SUMPRODUCT(D48:D49,K48:K49)/D47,0) -> 0 | L47: =IFERROR(SUMPRODUCT(D48:D49,L48:L49)/D47,0) -> 0 | M47: =IF(J47="Done","Done",IF(J47="Blocked","Blocked",IF(AND($C$7>X47,K47<1),"Late",""))) | N47: =IF(COUNTIF(J48:J49,"Blocked")>0,"Blocked subtask — see below","") | P47: =IF(AND(W47<=5,X47>=1),1,"") | Q47: =IF(AND(W47<=10,X47>=6),1,"") | R47: =IF(AND(W47<=15,X47>=11),1,"") -> 1 | S47: =IF(AND(W47<=20,X47>=16),1,"") | T47: =IF(AND(W47<=25,X47>=21),1,"") | U47: =IF(AND(W47<=30,X47>=26),1,"") | W47: =MAX(IFERROR(INDEX($X$14:$X$400,MATCH(AC47,$A$14:$A$400,0)),0),IFERROR(INDEX($X$14:$X$400,MATCH(AD47,$A$14:$A$400,0)),0),IFERROR(INDEX($X$14:$X$400,MATCH(AE47,$A$14:$A$400,0)),0),IFERROR(INDEX($X$14:$X$400,MATCH(AF47,$A$14:$A$400,0)),0),IFERROR(INDEX($X$14:$X$400,MATCH(AG47,$A$14:$A$400,0)),0),IFERROR(INDEX($X$14:$X$400,MATCH(AH47,$A$14:$A$400,0)),0),IFERROR(INDEX($X$14:$X$400,MATCH(AI47,$A$14:$A$400,0)),0),IFERROR(INDEX($X$14:$X$400,MATCH(AB47,$A$14:$A$400,0)),0))+1 -> 11 | X47: =W47+Y47-1 -> 12 | Y47: =E47 -> 2 | Z47: T | AA47: Ahmed Hamdy | AB47: A3 | AC47: A4
A48: A5.1 | B48: Locust session script (audio stream + SSE) | C48: Ahmed Hamdy | D48: 6 | E48: =X48-W48+1 -> 1 | F48: =$C$5+INT((W48-1)/5)*7+MOD(W48-1,5) -> 46313 | G48: =$C$5+INT((X48-1)/5)*7+MOD(X48-1,5) -> 46313 | J48: Not started | K48: 0 | L48: =IFERROR(COUNTIFS(Checklist!$D:$D,"A5.1",Checklist!$I:$I,"Yes")/COUNTIF(Checklist!$D:$D,"A5.1"),0) -> 0 | M48: =IF(AND(J48="Done",K48<1),"Check",IF(AND(J48="In progress",K48=0),"Check",IF(AND(K48>=1,J48<>"Done"),"Check",IF(J48="Done","Done",IF(J48="Blocked","Blocked",IF(AND($C$7>X48,K48<1),"Late","")))))) | P48: =IF(AND(W48<=5,X48>=1),2,"") | Q48: =IF(AND(W48<=10,X48>=6),2,"") | R48: =IF(AND(W48<=15,X48>=11),2,"") -> 2 | S48: =IF(AND(W48<=20,X48>=16),2,"") | T48: =IF(AND(W48<=25,X48>=21),2,"") | U48: =IF(AND(W48<=30,X48>=26),2,"") | W48: =$W$47+INT(SUM(D$48:D48)/8-D48/8+0.0001) -> 11 | X48: =MAX(W48,$W$47+ROUNDUP(SUM(D$48:D48)/8,0)-1) -> 11 | Y48: =E48 -> 1 | Z48: S | AA48: Ahmed Hamdy
A49: A5.2 | B49: Export timings per session | C49: Ahmed Hamdy | D49: 4 | E49: =X49-W49+1 -> 2 | F49: =$C$5+INT((W49-1)/5)*7+MOD(W49-1,5) -> 46313 | G49: =$C$5+INT((X49-1)/5)*7+MOD(X49-1,5) -> 46314 | J49: Not started | K49: 0 | L49: =IFERROR(COUNTIFS(Checklist!$D:$D,"A5.2",Checklist!$I:$I,"Yes")/COUNTIF(Checklist!$D:$D,"A5.2"),0) -> 0 | M49: =IF(AND(J49="Done",K49<1),"Check",IF(AND(J49="In progress",K49=0),"Check",IF(AND(K49>=1,J49<>"Done"),"Check",IF(J49="Done","Done",IF(J49="Blocked","Blocked",IF(AND($C$7>X49,K49<1),"Late","")))))) | P49: =IF(AND(W49<=5,X49>=1),2,"") | Q49: =IF(AND(W49<=10,X49>=6),2,"") | R49: =IF(AND(W49<=15,X49>=11),2,"") -> 2 | S49: =IF(AND(W49<=20,X49>=16),2,"") | T49: =IF(AND(W49<=25,X49>=21),2,"") | U49: =IF(AND(W49<=30,X49>=26),2,"") | W49: =$W$47+INT(SUM(D$48:D49)/8-D49/8+0.0001) -> 11 | X49: =MAX(W49,$W$47+ROUNDUP(SUM(D$48:D49)/8,0)-1) -> 12 | Y49: =E49 -> 2 | Z49: S | AA49: Ahmed Hamdy
A50: A7 | B50: Resilience: health checks, circuit breakers, model fallback, admission control | C50: Ahmed Hamdy | D50: =SUM(D51:D54) -> 15 | E50: =ROUNDUP(D50/8,0) -> 2 | F50: =$C$5+INT((W50-1)/5)*7+MOD(W50-1,5) -> 46315 | G50: =$C$5+INT((X50-1)/5)*7+MOD(X50-1,5) -> 46316 | H50: M4 | I50: Fallbacks exercised in tests | J50: =IF(K50>=1,"Done",IF(COUNTIF(J51:J54,"Blocked")>0,"Blocked",IF(OR(K50>0,COUNTIF(J51:J54,"In progress")>0),"In progress","Not started"))) -> Not started | K50: =IFERROR(SUMPRODUCT(D51:D54,K51:K54)/D50,0) -> 0 | L50: =IFERROR(SUMPRODUCT(D51:D54,L51:L54)/D50,0) -> 0 | M50: =IF(J50="Done","Done",IF(J50="Blocked","Blocked",IF(AND($C$7>X50,K50<1),"Late",""))) | N50: =IF(COUNTIF(J51:J54,"Blocked")>0,"Blocked subtask — see below","") | P50: =IF(AND(W50<=5,X50>=1),1,"") | Q50: =IF(AND(W50<=10,X50>=6),1,"") | R50: =IF(AND(W50<=15,X50>=11),1,"") -> 1 | S50: =IF(AND(W50<=20,X50>=16),1,"") | T50: =IF(AND(W50<=25,X50>=21),1,"") | U50: =IF(AND(W50<=30,X50>=26),1,"") | W50: =MAX(IFERROR(INDEX($X$14:$X$400,MATCH(AC50,$A$14:$A$400,0)),0),IFERROR(INDEX($X$14:$X$400,MATCH(AD50,$A$14:$A$400,0)),0),IFERROR(INDEX($X$14:$X$400,MATCH(AE50,$A$14:$A$400,0)),0),IFERROR(INDEX($X$14:$X$400,MATCH(AF50,$A$14:$A$400,0)),0),IFERROR(INDEX($X$14:$X$400,MATCH(AG50,$A$14:$A$400,0)),0),IFERROR(INDEX($X$14:$X$400,MATCH(AH50,$A$14:$A$400,0)),0),IFERROR(INDEX($X$14:$X$400,MATCH(AI50,$A$14:$A$400,0)),0),IFERROR(INDEX($X$14:$X$400,MATCH(AB50,$A$14:$A$400,0)),0))+1 -> 13 | X50: =W50+Y50-1 -> 14 | Y50: =E50 -> 2 | Z50: T | AA50: Ahmed Hamdy | AB50: A5 | AC50: M4
A51: A7.1 | B51: Health and readiness probes | C51: Ahmed Hamdy | D51: 4 | E51: =X51-W51+1 -> 1 | F51: =$C$5+INT((W51-1)/5)*7+MOD(W51-1,5) -> 46315 | G51: =$C$5+INT((X51-1)/5)*7+MOD(X51-1,5) -> 46315 | J51: Not started | K51: 0 | L51: =IFERROR(COUNTIFS(Checklist!$D:$D,"A7.1",Checklist!$I:$I,"Yes")/COUNTIF(Checklist!$D:$D,"A7.1"),0) -> 0 | M51: =IF(AND(J51="Done",K51<1),"Check",IF(AND(J51="In progress",K51=0),"Check",IF(AND(K51>=1,J51<>"Done"),"Check",IF(J51="Done","Done",IF(J51="Blocked","Blocked",IF(AND($C$7>X51,K51<1),"Late","")))))) | P51: =IF(AND(W51<=5,X51>=1),2,"") | Q51: =IF(AND(W51<=10,X51>=6),2,"") | R51: =IF(AND(W51<=15,X51>=11),2,"") -> 2 | S51: =IF(AND(W51<=20,X51>=16),2,"") | T51: =IF(AND(W51<=25,X51>=21),2,"") | U51: =IF(AND(W51<=30,X51>=26),2,"") | W51: =$W$50+INT(SUM(D$51:D51)/8-D51/8+0.0001) -> 13 | X51: =MAX(W51,$W$50+ROUNDUP(SUM(D$51:D51)/8,0)-1) -> 13 | Y51: =E51 -> 1 | Z51: S | AA51: Ahmed Hamdy
A52: A7.2 | B52: Circuit breaker per provider | C52: Ahmed Hamdy | D52: 6 | E52: =X52-W52+1 -> 2 | F52: =$C$5+INT((W52-1)/5)*7+MOD(W52-1,5) -> 46315 | G52: =$C$5+INT((X52-1)/5)*7+MOD(X52-1,5) -> 46316 | J52: Not started | K52: 0 | L52: =IFERROR(COUNTIFS(Checklist!$D:$D,"A7.2",Checklist!$I:$I,"Yes")/COUNTIF(Checklist!$D:$D,"A7.2"),0) -> 0 | M52: =IF(AND(J52="Done",K52<1),"Check",IF(AND(J52="In progress",K52=0),"Check",IF(AND(K52>=1,J52<>"Done"),"Check",IF(J52="Done","Done",IF(J52="Blocked","Blocked",IF(AND($C$7>X52,K52<1),"Late","")))))) | P52: =IF(AND(W52<=5,X52>=1),2,"") | Q52: =IF(AND(W52<=10,X52>=6),2,"") | R52: =IF(AND(W52<=15,X52>=11),2,"") -> 2 | S52: =IF(AND(W52<=20,X52>=16),2,"") | T52: =IF(AND(W52<=25,X52>=21),2,"") | U52: =IF(AND(W52<=30,X52>=26),2,"") | W52: =$W$50+INT(SUM(D$51:D52)/8-D52/8+0.0001) -> 13 | X52: =MAX(W52,$W$50+ROUNDUP(SUM(D$51:D52)/8,0)-1) -> 14 | Y52: =E52 -> 2 | Z52: S | AA52: Ahmed Hamdy
A53: A7.3 | B53: Model fallbacks (4o mini ↔ Luna, Terra → Sol) | C53: Ahmed Hamdy | D53: 2 | E53: =X53-W53+1 -> 1 | F53: =$C$5+INT((W53-1)/5)*7+MOD(W53-1,5) -> 46316 | G53: =$C$5+INT((X53-1)/5)*7+MOD(X53-1,5) -> 46316 | J53: Not started | K53: 0 | L53: =IFERROR(COUNTIFS(Checklist!$D:$D,"A7.3",Checklist!$I:$I,"Yes")/COUNTIF(Checklist!$D:$D,"A7.3"),0) -> 0 | M53: =IF(AND(J53="Done",K53<1),"Check",IF(AND(J53="In progress",K53=0),"Check",IF(AND(K53>=1,J53<>"Done"),"Check",IF(J53="Done","Done",IF(J53="Blocked","Blocked",IF(AND($C$7>X53,K53<1),"Late","")))))) | P53: =IF(AND(W53<=5,X53>=1),2,"") | Q53: =IF(AND(W53<=10,X53>=6),2,"") | R53: =IF(AND(W53<=15,X53>=11),2,"") -> 2 | S53: =IF(AND(W53<=20,X53>=16),2,"") | T53: =IF(AND(W53<=25,X53>=21),2,"") | U53: =IF(AND(W53<=30,X53>=26),2,"") | W53: =$W$50+INT(SUM(D$51:D53)/8-D53/8+0.0001) -> 14 | X53: =MAX(W53,$W$50+ROUNDUP(SUM(D$51:D53)/8,0)-1) -> 14 | Y53: =E53 -> 1 | Z53: S | AA53: Ahmed Hamdy
A54: A7.4 | B54: Admission control (503 + Retry-After) | C54: Ahmed Hamdy | D54: 3 | E54: =X54-W54+1 -> 1 | F54: =$C$5+INT((W54-1)/5)*7+MOD(W54-1,5) -> 46316 | G54: =$C$5+INT((X54-1)/5)*7+MOD(X54-1,5) -> 46316 | J54: Not started | K54: 0 | L54: =IFERROR(COUNTIFS(Checklist!$D:$D,"A7.4",Checklist!$I:$I,"Yes")/COUNTIF(Checklist!$D:$D,"A7.4"),0) -> 0 | M54: =IF(AND(J54="Done",K54<1),"Check",IF(AND(J54="In progress",K54=0),"Check",IF(AND(K54>=1,J54<>"Done"),"Check",IF(J54="Done","Done",IF(J54="Blocked","Blocked",IF(AND($C$7>X54,K54<1),"Late","")))))) | P54: =IF(AND(W54<=5,X54>=1),2,"") | Q54: =IF(AND(W54<=10,X54>=6),2,"") | R54: =IF(AND(W54<=15,X54>=11),2,"") -> 2 | S54: =IF(AND(W54<=20,X54>=16),2,"") | T54: =IF(AND(W54<=25,X54>=21),2,"") | U54: =IF(AND(W54<=30,X54>=26),2,"") | W54: =$W$50+INT(SUM(D$51:D54)/8-D54/8+0.0001) -> 14 | X54: =MAX(W54,$W$50+ROUNDUP(SUM(D$51:D54)/8,0)-1) -> 14 | Y54: =E54 -> 1 | Z54: S | AA54: Ahmed Hamdy
A55: A6 | B55: Load test 1→50 sessions; tune limits; confirm p95 latency and 429 rate | C55: Ahmed Hamdy | D55: =SUM(D56:D58) -> 12 | E55: =ROUNDUP(D55/8,0) -> 2 | F55: =$C$5+INT((W55-1)/5)*7+MOD(W55-1,5) -> 46317 | G55: =$C$5+INT((X55-1)/5)*7+MOD(X55-1,5) -> 46320 | H55: A5, A7, M4 | I55: p95 ≤ target; 429 < 1%; accuracy loss < 2 pts | J55: =IF(K55>=1,"Done",IF(COUNTIF(J56:J58,"Blocked")>0,"Blocked",IF(OR(K55>0,COUNTIF(J56:J58,"In progress")>0),"In progress","Not started"))) -> Not started | K55: =IFERROR(SUMPRODUCT(D56:D58,K56:K58)/D55,0) -> 0 | L55: =IFERROR(SUMPRODUCT(D56:D58,L56:L58)/D55,0) -> 0 | M55: =IF(J55="Done","Done",IF(J55="Blocked","Blocked",IF(AND($C$7>X55,K55<1),"Late",""))) | N55: =IF(COUNTIF(J56:J58,"Blocked")>0,"Blocked subtask — see below","") | P55: =IF(AND(W55<=5,X55>=1),1,"") | Q55: =IF(AND(W55<=10,X55>=6),1,"") | R55: =IF(AND(W55<=15,X55>=11),1,"") -> 1 | S55: =IF(AND(W55<=20,X55>=16),1,"") -> 1 | T55: =IF(AND(W55<=25,X55>=21),1,"") | U55: =IF(AND(W55<=30,X55>=26),1,"") | W55: =MAX(IFERROR(INDEX($X$14:$X$400,MATCH(AC55,$A$14:$A$400,0)),0),IFERROR(INDEX($X$14:$X$400,MATCH(AD55,$A$14:$A$400,0)),0),IFERROR(INDEX($X$14:$X$400,MATCH(AE55,$A$14:$A$400,0)),0),IFERROR(INDEX($X$14:$X$400,MATCH(AF55,$A$14:$A$400,0)),0),IFERROR(INDEX($X$14:$X$400,MATCH(AG55,$A$14:$A$400,0)),0),IFERROR(INDEX($X$14:$X$400,MATCH(AH55,$A$14:$A$400,0)),0),IFERROR(INDEX($X$14:$X$400,MATCH(AI55,$A$14:$A$400,0)),0),IFERROR(INDEX($X$14:$X$400,MATCH(AB55,$A$14:$A$400,0)),0))+1 -> 15 | X55: =W55+Y55-1 -> 16 | Y55: =E55 -> 2 | Z55: T | AA55: Ahmed Hamdy | AB55: A7 | AC55: A5 | AD55: A7 | AE55: M4
A56: A6.1 | B56: Ramp 1 → 50 sessions per language | C56: Ahmed Hamdy | D56: 5 | E56: =X56-W56+1 -> 1 | F56: =$C$5+INT((W56-1)/5)*7+MOD(W56-1,5) -> 46317 | G56: =$C$5+INT((X56-1)/5)*7+MOD(X56-1,5) -> 46317 | J56: Not started | K56: 0 | L56: =IFERROR(COUNTIFS(Checklist!$D:$D,"A6.1",Checklist!$I:$I,"Yes")/COUNTIF(Checklist!$D:$D,"A6.1"),0) -> 0 | M56: =IF(AND(J56="Done",K56<1),"Check",IF(AND(J56="In progress",K56=0),"Check",IF(AND(K56>=1,J56<>"Done"),"Check",IF(J56="Done","Done",IF(J56="Blocked","Blocked",IF(AND($C$7>X56,K56<1),"Late","")))))) | P56: =IF(AND(W56<=5,X56>=1),2,"") | Q56: =IF(AND(W56<=10,X56>=6),2,"") | R56: =IF(AND(W56<=15,X56>=11),2,"") -> 2 | S56: =IF(AND(W56<=20,X56>=16),2,"") | T56: =IF(AND(W56<=25,X56>=21),2,"") | U56: =IF(AND(W56<=30,X56>=26),2,"") | W56: =$W$55+INT(SUM(D$56:D56)/8-D56/8+0.0001) -> 15 | X56: =MAX(W56,$W$55+ROUNDUP(SUM(D$56:D56)/8,0)-1) -> 15 | Y56: =E56 -> 1 | Z56: S | AA56: Ahmed Hamdy
A57: A6.2 | B57: Accuracy check at peak (20 encounters) | C57: Ahmed Hamdy | D57: 3 | E57: =X57-W57+1 -> 1 | F57: =$C$5+INT((W57-1)/5)*7+MOD(W57-1,5) -> 46317 | G57: =$C$5+INT((X57-1)/5)*7+MOD(X57-1,5) -> 46317 | J57: Not started | K57: 0 | L57: =IFERROR(COUNTIFS(Checklist!$D:$D,"A6.2",Checklist!$I:$I,"Yes")/COUNTIF(Checklist!$D:$D,"A6.2"),0) -> 0 | M57: =IF(AND(J57="Done",K57<1),"Check",IF(AND(J57="In progress",K57=0),"Check",IF(AND(K57>=1,J57<>"Done"),"Check",IF(J57="Done","Done",IF(J57="Blocked","Blocked",IF(AND($C$7>X57,K57<1),"Late","")))))) | P57: =IF(AND(W57<=5,X57>=1),2,"") | Q57: =IF(AND(W57<=10,X57>=6),2,"") | R57: =IF(AND(W57<=15,X57>=11),2,"") -> 2 | S57: =IF(AND(W57<=20,X57>=16),2,"") | T57: =IF(AND(W57<=25,X57>=21),2,"") | U57: =IF(AND(W57<=30,X57>=26),2,"") | W57: =$W$55+INT(SUM(D$56:D57)/8-D57/8+0.0001) -> 15 | X57: =MAX(W57,$W$55+ROUNDUP(SUM(D$56:D57)/8,0)-1) -> 15 | Y57: =E57 -> 1 | Z57: S | AA57: Ahmed Hamdy
A58: A6.3 | B58: Tune limits; capacity report | C58: Ahmed Hamdy | D58: 4 | E58: =X58-W58+1 -> 1 | F58: =$C$5+INT((W58-1)/5)*7+MOD(W58-1,5) -> 46320 | G58: =$C$5+INT((X58-1)/5)*7+MOD(X58-1,5) -> 46320 | J58: Not started | K58: 0 | L58: =IFERROR(COUNTIFS(Checklist!$D:$D,"A6.3",Checklist!$I:$I,"Yes")/COUNTIF(Checklist!$D:$D,"A6.3"),0) -> 0 | M58: =IF(AND(J58="Done",K58<1),"Check",IF(AND(J58="In progress",K58=0),"Check",IF(AND(K58>=1,J58<>"Done"),"Check",IF(J58="Done","Done",IF(J58="Blocked","Blocked",IF(AND($C$7>X58,K58<1),"Late","")))))) | P58: =IF(AND(W58<=5,X58>=1),2,"") | Q58: =IF(AND(W58<=10,X58>=6),2,"") | R58: =IF(AND(W58<=15,X58>=11),2,"") | S58: =IF(AND(W58<=20,X58>=16),2,"") -> 2 | T58: =IF(AND(W58<=25,X58>=21),2,"") | U58: =IF(AND(W58<=30,X58>=26),2,"") | W58: =$W$55+INT(SUM(D$56:D58)/8-D58/8+0.0001) -> 16 | X58: =MAX(W58,$W$55+ROUNDUP(SUM(D$56:D58)/8,0)-1) -> 16 | Y58: =E58 -> 1 | Z58: S | AA58: Ahmed Hamdy
A59: DOHA — Clinical AI
A60: B1 | B60: Structuring prompt + schema: sections, translation, speaker labels with confidence, no-inference rules, routing signals | C60: Doha | D60: =SUM(D61:D64) -> 14 | E60: =ROUNDUP(D60/8,0) -> 2 | F60: =$C$5+INT((W60-1)/5)*7+MOD(W60-1,5) -> 46299 | G60: =$C$5+INT((X60-1)/5)*7+MOD(X60-1,5) -> 46300 | H60: — | I60: All 20 tests pass; Clinical Lead approves schema | J60: =IF(K60>=1,"Done",IF(COUNTIF(J61:J64,"Blocked")>0,"Blocked",IF(OR(K60>0,COUNTIF(J61:J64,"In progress")>0),"In progress","Not started"))) -> In progress | K60: =IFERROR(SUMPRODUCT(D61:D64,K61:K64)/D60,0) -> 0.77142857 | L60: =IFERROR(SUMPRODUCT(D61:D64,L61:L64)/D60,0) -> 0 | M60: =IF(J60="Done","Done",IF(J60="Blocked","Blocked",IF(AND($C$7>X60,K60<1),"Late",""))) | N60: =IF(COUNTIF(J61:J64,"Blocked")>0,"Blocked subtask — see below","") | P60: =IF(AND(W60<=5,X60>=1),1,"") -> 1 | Q60: =IF(AND(W60<=10,X60>=6),1,"") | R60: =IF(AND(W60<=15,X60>=11),1,"") | S60: =IF(AND(W60<=20,X60>=16),1,"") | T60: =IF(AND(W60<=25,X60>=21),1,"") | U60: =IF(AND(W60<=30,X60>=26),1,"") | W60: =MAX(IFERROR(INDEX($X$14:$X$400,MATCH(AC60,$A$14:$A$400,0)),0),IFERROR(INDEX($X$14:$X$400,MATCH(AD60,$A$14:$A$400,0)),0),IFERROR(INDEX($X$14:$X$400,MATCH(AE60,$A$14:$A$400,0)),0),IFERROR(INDEX($X$14:$X$400,MATCH(AF60,$A$14:$A$400,0)),0),IFERROR(INDEX($X$14:$X$400,MATCH(AG60,$A$14:$A$400,0)),0),IFERROR(INDEX($X$14:$X$400,MATCH(AH60,$A$14:$A$400,0)),0),IFERROR(INDEX($X$14:$X$400,MATCH(AI60,$A$14:$A$400,0)),0),IFERROR(INDEX($X$14:$X$400,MATCH(AB60,$A$14:$A$400,0)),0))+1 -> 1 | X60: =W60+Y60-1 -> 2 | Y60: =E60 -> 2 | Z60: T | AA60: Doha
A61: B1.1 | B61: Structured-note JSON schema | C61: Doha | D61: 4 | E61: =X61-W61+1 -> 1 | F61: =$C$5+INT((W61-1)/5)*7+MOD(W61-1,5) -> 46299 | G61: =$C$5+INT((X61-1)/5)*7+MOD(X61-1,5) -> 46299 | J61: Done | K61: 1 | L61: =IFERROR(COUNTIFS(Checklist!$D:$D,"B1.1",Checklist!$I:$I,"Yes")/COUNTIF(Checklist!$D:$D,"B1.1"),0) -> 0 | M61: =IF(AND(J61="Done",K61<1),"Check",IF(AND(J61="In progress",K61=0),"Check",IF(AND(K61>=1,J61<>"Done"),"Check",IF(J61="Done","Done",IF(J61="Blocked","Blocked",IF(AND($C$7>X61,K61<1),"Late","")))))) -> Done | P61: =IF(AND(W61<=5,X61>=1),2,"") -> 2 | Q61: =IF(AND(W61<=10,X61>=6),2,"") | R61: =IF(AND(W61<=15,X61>=11),2,"") | S61: =IF(AND(W61<=20,X61>=16),2,"") | T61: =IF(AND(W61<=25,X61>=21),2,"") | U61: =IF(AND(W61<=30,X61>=26),2,"") | W61: =$W$60+INT(SUM(D$61:D61)/8-D61/8+0.0001) -> 1 | X61: =MAX(W61,$W$60+ROUNDUP(SUM(D$61:D61)/8,0)-1) -> 1 | Y61: =E61 -> 1 | Z61: S | AA61: Doha
A62: B1.2 | B62: Prompt: no-inference + translation rules | C62: Doha | D62: 4 | E62: =X62-W62+1 -> 1 | F62: =$C$5+INT((W62-1)/5)*7+MOD(W62-1,5) -> 46299 | G62: =$C$5+INT((X62-1)/5)*7+MOD(X62-1,5) -> 46299 | J62: Done | K62: 1 | L62: =IFERROR(COUNTIFS(Checklist!$D:$D,"B1.2",Checklist!$I:$I,"Yes")/COUNTIF(Checklist!$D:$D,"B1.2"),0) -> 0 | M62: =IF(AND(J62="Done",K62<1),"Check",IF(AND(J62="In progress",K62=0),"Check",IF(AND(K62>=1,J62<>"Done"),"Check",IF(J62="Done","Done",IF(J62="Blocked","Blocked",IF(AND($C$7>X62,K62<1),"Late","")))))) -> Done | P62: =IF(AND(W62<=5,X62>=1),2,"") -> 2 | Q62: =IF(AND(W62<=10,X62>=6),2,"") | R62: =IF(AND(W62<=15,X62>=11),2,"") | S62: =IF(AND(W62<=20,X62>=16),2,"") | T62: =IF(AND(W62<=25,X62>=21),2,"") | U62: =IF(AND(W62<=30,X62>=26),2,"") | W62: =$W$60+INT(SUM(D$61:D62)/8-D62/8+0.0001) -> 1 | X62: =MAX(W62,$W$60+ROUNDUP(SUM(D$61:D62)/8,0)-1) -> 1 | Y62: =E62 -> 1 | Z62: S | AA62: Doha
A63: B1.3 | B63: Arabic / mixed few-shot examples | C63: Doha | D63: 2 | E63: =X63-W63+1 -> 1 | F63: =$C$5+INT((W63-1)/5)*7+MOD(W63-1,5) -> 46300 | G63: =$C$5+INT((X63-1)/5)*7+MOD(X63-1,5) -> 46300 | J63: Done | K63: 1 | L63: =IFERROR(COUNTIFS(Checklist!$D:$D,"B1.3",Checklist!$I:$I,"Yes")/COUNTIF(Checklist!$D:$D,"B1.3"),0) -> 0 | M63: =IF(AND(J63="Done",K63<1),"Check",IF(AND(J63="In progress",K63=0),"Check",IF(AND(K63>=1,J63<>"Done"),"Check",IF(J63="Done","Done",IF(J63="Blocked","Blocked",IF(AND($C$7>X63,K63<1),"Late","")))))) -> Done | P63: =IF(AND(W63<=5,X63>=1),2,"") -> 2 | Q63: =IF(AND(W63<=10,X63>=6),2,"") | R63: =IF(AND(W63<=15,X63>=11),2,"") | S63: =IF(AND(W63<=20,X63>=16),2,"") | T63: =IF(AND(W63<=25,X63>=21),2,"") | U63: =IF(AND(W63<=30,X63>=26),2,"") | W63: =$W$60+INT(SUM(D$61:D63)/8-D63/8+0.0001) -> 2 | X63: =MAX(W63,$W$60+ROUNDUP(SUM(D$61:D63)/8,0)-1) -> 2 | Y63: =E63 -> 1 | Z63: S | AA63: Doha
A64: B1.4 | B64: 20 fidelity tests | C64: Doha | D64: 4 | E64: =X64-W64+1 -> 1 | F64: =$C$5+INT((W64-1)/5)*7+MOD(W64-1,5) -> 46300 | G64: =$C$5+INT((X64-1)/5)*7+MOD(X64-1,5) -> 46300 | J64: In progress | K64: 0.2 | L64: =IFERROR(COUNTIFS(Checklist!$D:$D,"B1.4",Checklist!$I:$I,"Yes")/COUNTIF(Checklist!$D:$D,"B1.4"),0) -> 0 | M64: =IF(AND(J64="Done",K64<1),"Check",IF(AND(J64="In progress",K64=0),"Check",IF(AND(K64>=1,J64<>"Done"),"Check",IF(J64="Done","Done",IF(J64="Blocked","Blocked",IF(AND($C$7>X64,K64<1),"Late","")))))) | P64: =IF(AND(W64<=5,X64>=1),2,"") -> 2 | Q64: =IF(AND(W64<=10,X64>=6),2,"") | R64: =IF(AND(W64<=15,X64>=11),2,"") | S64: =IF(AND(W64<=20,X64>=16),2,"") | T64: =IF(AND(W64<=25,X64>=21),2,"") | U64: =IF(AND(W64<=30,X64>=26),2,"") | W64: =$W$60+INT(SUM(D$61:D64)/8-D64/8+0.0001) -> 2 | X64: =MAX(W64,$W$60+ROUNDUP(SUM(D$61:D64)/8,0)-1) -> 2 | Y64: =E64 -> 1 | Z64: S | AA64: Doha
A65: B0 | B65: Keep term correction before structuring; add red-flag lexicon for routing | C65: Doha | D65: =SUM(D66:D67) -> 4 | E65: =ROUNDUP(D65/8,0) -> 1 | F65: =$C$5+INT((W65-1)/5)*7+MOD(W65-1,5) -> 46301 | G65: =$C$5+INT((X65-1)/5)*7+MOD(X65-1,5) -> 46301 | H65: B1 | I65: Lexicon file committed; red flags detected in tests | J65: =IF(K65>=1,"Done",IF(COUNTIF(J66:J67,"Blocked")>0,"Blocked",IF(OR(K65>0,COUNTIF(J66:J67,"In progress")>0),"In progress","Not started"))) -> In progress | K65: =IFERROR(SUMPRODUCT(D66:D67,K66:K67)/D65,0) -> 0.4 | L65: =IFERROR(SUMPRODUCT(D66:D67,L66:L67)/D65,0) -> 0 | M65: =IF(J65="Done","Done",IF(J65="Blocked","Blocked",IF(AND($C$7>X65,K65<1),"Late",""))) | N65: =IF(COUNTIF(J66:J67,"Blocked")>0,"Blocked subtask — see below","") | P65: =IF(AND(W65<=5,X65>=1),1,"") -> 1 | Q65: =IF(AND(W65<=10,X65>=6),1,"") | R65: =IF(AND(W65<=15,X65>=11),1,"") | S65: =IF(AND(W65<=20,X65>=16),1,"") | T65: =IF(AND(W65<=25,X65>=21),1,"") | U65: =IF(AND(W65<=30,X65>=26),1,"") | W65: =MAX(IFERROR(INDEX($X$14:$X$400,MATCH(AC65,$A$14:$A$400,0)),0),IFERROR(INDEX($X$14:$X$400,MATCH(AD65,$A$14:$A$400,0)),0),IFERROR(INDEX($X$14:$X$400,MATCH(AE65,$A$14:$A$400,0)),0),IFERROR(INDEX($X$14:$X$400,MATCH(AF65,$A$14:$A$400,0)),0),IFERROR(INDEX($X$14:$X$400,MATCH(AG65,$A$14:$A$400,0)),0),IFERROR(INDEX($X$14:$X$400,MATCH(AH65,$A$14:$A$400,0)),0),IFERROR(INDEX($X$14:$X$400,MATCH(AI65,$A$14:$A$400,0)),0),IFERROR(INDEX($X$14:$X$400,MATCH(AB65,$A$14:$A$400,0)),0))+1 -> 3 | X65: =W65+Y65-1 -> 3 | Y65: =E65 -> 1 | Z65: T | AA65: Doha | AB65: B1 | AC65: B1
A66: B0.1 | B66: Keep term correction before structuring | C66: Doha | D66: 1 | E66: =X66-W66+1 -> 1 | F66: =$C$5+INT((W66-1)/5)*7+MOD(W66-1,5) -> 46301 | G66: =$C$5+INT((X66-1)/5)*7+MOD(X66-1,5) -> 46301 | J66: Done | K66: 1 | L66: =IFERROR(COUNTIFS(Checklist!$D:$D,"B0.1",Checklist!$I:$I,"Yes")/COUNTIF(Checklist!$D:$D,"B0.1"),0) -> 0 | M66: =IF(AND(J66="Done",K66<1),"Check",IF(AND(J66="In progress",K66=0),"Check",IF(AND(K66>=1,J66<>"Done"),"Check",IF(J66="Done","Done",IF(J66="Blocked","Blocked",IF(AND($C$7>X66,K66<1),"Late","")))))) -> Done | P66: =IF(AND(W66<=5,X66>=1),2,"") -> 2 | Q66: =IF(AND(W66<=10,X66>=6),2,"") | R66: =IF(AND(W66<=15,X66>=11),2,"") | S66: =IF(AND(W66<=20,X66>=16),2,"") | T66: =IF(AND(W66<=25,X66>=21),2,"") | U66: =IF(AND(W66<=30,X66>=26),2,"") | W66: =$W$65+INT(SUM(D$66:D66)/8-D66/8+0.0001) -> 3 | X66: =MAX(W66,$W$65+ROUNDUP(SUM(D$66:D66)/8,0)-1) -> 3 | Y66: =E66 -> 1 | Z66: S | AA66: Doha
A67: B0.2 | B67: Red-flag lexicon file + routing signal | C67: Doha | D67: 3 | E67: =X67-W67+1 -> 1 | F67: =$C$5+INT((W67-1)/5)*7+MOD(W67-1,5) -> 46301 | G67: =$C$5+INT((X67-1)/5)*7+MOD(X67-1,5) -> 46301 | J67: In progress | K67: 0.2 | L67: =IFERROR(COUNTIFS(Checklist!$D:$D,"B0.2",Checklist!$I:$I,"Yes")/COUNTIF(Checklist!$D:$D,"B0.2"),0) -> 0 | M67: =IF(AND(J67="Done",K67<1),"Check",IF(AND(J67="In progress",K67=0),"Check",IF(AND(K67>=1,J67<>"Done"),"Check",IF(J67="Done","Done",IF(J67="Blocked","Blocked",IF(AND($C$7>X67,K67<1),"Late","")))))) | P67: =IF(AND(W67<=5,X67>=1),2,"") -> 2 | Q67: =IF(AND(W67<=10,X67>=6),2,"") | R67: =IF(AND(W67<=15,X67>=11),2,"") | S67: =IF(AND(W67<=20,X67>=16),2,"") | T67: =IF(AND(W67<=25,X67>=21),2,"") | U67: =IF(AND(W67<=30,X67>=26),2,"") | W67: =$W$65+INT(SUM(D$66:D67)/8-D67/8+0.0001) -> 3 | X67: =MAX(W67,$W$65+ROUNDUP(SUM(D$66:D67)/8,0)-1) -> 3 | Y67: =E67 -> 1 | Z67: S | AA67: Doha
A68: B3 | B68: Reasoning prompt: ICD-10 (edition stated), diagnosis, rationale, ER triage, gaps, plan review, citations | C68: Doha | D68: =SUM(D69:D72) -> 12 | E68: =ROUNDUP(D68/8,0) -> 2 | F68: =$C$5+INT((W68-1)/5)*7+MOD(W68-1,5) -> 46302 | G68: =$C$5+INT((X68-1)/5)*7+MOD(X68-1,5) -> 46303 | H68: B1 | I68: 15 cases reviewed by clinician; schema valid | J68: =IF(K68>=1,"Done",IF(COUNTIF(J69:J72,"Blocked")>0,"Blocked",IF(OR(K68>0,COUNTIF(J69:J72,"In progress")>0),"In progress","Not started"))) -> In progress | K68: =IFERROR(SUMPRODUCT(D69:D72,K69:K72)/D68,0) -> 0.78333333 | L68: =IFERROR(SUMPRODUCT(D69:D72,L69:L72)/D68,0) -> 0 | M68: =IF(J68="Done","Done",IF(J68="Blocked","Blocked",IF(AND($C$7>X68,K68<1),"Late",""))) | N68: =IF(COUNTIF(J69:J72,"Blocked")>0,"Blocked subtask — see below","") | P68: =IF(AND(W68<=5,X68>=1),1,"") -> 1 | Q68: =IF(AND(W68<=10,X68>=6),1,"") | R68: =IF(AND(W68<=15,X68>=11),1,"") | S68: =IF(AND(W68<=20,X68>=16),1,"") | T68: =IF(AND(W68<=25,X68>=21),1,"") | U68: =IF(AND(W68<=30,X68>=26),1,"") | W68: =MAX(IFERROR(INDEX($X$14:$X$400,MATCH(AC68,$A$14:$A$400,0)),0),IFERROR(INDEX($X$14:$X$400,MATCH(AD68,$A$14:$A$400,0)),0),IFERROR(INDEX($X$14:$X$400,MATCH(AE68,$A$14:$A$400,0)),0),IFERROR(INDEX($X$14:$X$400,MATCH(AF68,$A$14:$A$400,0)),0),IFERROR(INDEX($X$14:$X$400,MATCH(AG68,$A$14:$A$400,0)),0),IFERROR(INDEX($X$14:$X$400,MATCH(AH68,$A$14:$A$400,0)),0),IFERROR(INDEX($X$14:$X$400,MATCH(AI68,$A$14:$A$400,0)),0),IFERROR(INDEX($X$14:$X$400,MATCH(AB68,$A$14:$A$400,0)),0))+1 -> 4 | X68: =W68+Y68-1 -> 5 | Y68: =E68 -> 2 | Z68: T | AA68: Doha | AB68: B0 | AC68: B1
A69: B3.1 | B69: Reasoning output schema | C69: Doha | D69: 4 | E69: =X69-W69+1 -> 1 | F69: =$C$5+INT((W69-1)/5)*7+MOD(W69-1,5) -> 46302 | G69: =$C$5+INT((X69-1)/5)*7+MOD(X69-1,5) -> 46302 | J69: In progress | K69: 0.8 | L69: =IFERROR(COUNTIFS(Checklist!$D:$D,"B3.1",Checklist!$I:$I,"Yes")/COUNTIF(Checklist!$D:$D,"B3.1"),0) -> 0 | M69: =IF(AND(J69="Done",K69<1),"Check",IF(AND(J69="In progress",K69=0),"Check",IF(AND(K69>=1,J69<>"Done"),"Check",IF(J69="Done","Done",IF(J69="Blocked","Blocked",IF(AND($C$7>X69,K69<1),"Late","")))))) | P69: =IF(AND(W69<=5,X69>=1),2,"") -> 2 | Q69: =IF(AND(W69<=10,X69>=6),2,"") | R69: =IF(AND(W69<=15,X69>=11),2,"") | S69: =IF(AND(W69<=20,X69>=16),2,"") | T69: =IF(AND(W69<=25,X69>=21),2,"") | U69: =IF(AND(W69<=30,X69>=26),2,"") | W69: =$W$68+INT(SUM(D$69:D69)/8-D69/8+0.0001) -> 4 | X69: =MAX(W69,$W$68+ROUNDUP(SUM(D$69:D69)/8,0)-1) -> 4 | Y69: =E69 -> 1 | Z69: S | AA69: Doha
A70: B3.2 | B70: ICD-10 edition rules | C70: Doha | D70: 2 | E70: =X70-W70+1 -> 1 | F70: =$C$5+INT((W70-1)/5)*7+MOD(W70-1,5) -> 46302 | G70: =$C$5+INT((X70-1)/5)*7+MOD(X70-1,5) -> 46302 | J70: In progress | K70: 0.5 | L70: =IFERROR(COUNTIFS(Checklist!$D:$D,"B3.2",Checklist!$I:$I,"Yes")/COUNTIF(Checklist!$D:$D,"B3.2"),0) -> 0 | M70: =IF(AND(J70="Done",K70<1),"Check",IF(AND(J70="In progress",K70=0),"Check",IF(AND(K70>=1,J70<>"Done"),"Check",IF(J70="Done","Done",IF(J70="Blocked","Blocked",IF(AND($C$7>X70,K70<1),"Late","")))))) | P70: =IF(AND(W70<=5,X70>=1),2,"") -> 2 | Q70: =IF(AND(W70<=10,X70>=6),2,"") | R70: =IF(AND(W70<=15,X70>=11),2,"") | S70: =IF(AND(W70<=20,X70>=16),2,"") | T70: =IF(AND(W70<=25,X70>=21),2,"") | U70: =IF(AND(W70<=30,X70>=26),2,"") | W70: =$W$68+INT(SUM(D$69:D70)/8-D70/8+0.0001) -> 4 | X70: =MAX(W70,$W$68+ROUNDUP(SUM(D$69:D70)/8,0)-1) -> 4 | Y70: =E70 -> 1 | Z70: S | AA70: Doha
A71: B3.3 | B71: History-scope + citation rules | C71: Doha | D71: 2 | E71: =X71-W71+1 -> 1 | F71: =$C$5+INT((W71-1)/5)*7+MOD(W71-1,5) -> 46302 | G71: =$C$5+INT((X71-1)/5)*7+MOD(X71-1,5) -> 46302 | J71: In progress | K71: 0.8 | L71: =IFERROR(COUNTIFS(Checklist!$D:$D,"B3.3",Checklist!$I:$I,"Yes")/COUNTIF(Checklist!$D:$D,"B3.3"),0) -> 0 | M71: =IF(AND(J71="Done",K71<1),"Check",IF(AND(J71="In progress",K71=0),"Check",IF(AND(K71>=1,J71<>"Done"),"Check",IF(J71="Done","Done",IF(J71="Blocked","Blocked",IF(AND($C$7>X71,K71<1),"Late","")))))) | P71: =IF(AND(W71<=5,X71>=1),2,"") -> 2 | Q71: =IF(AND(W71<=10,X71>=6),2,"") | R71: =IF(AND(W71<=15,X71>=11),2,"") | S71: =IF(AND(W71<=20,X71>=16),2,"") | T71: =IF(AND(W71<=25,X71>=21),2,"") | U71: =IF(AND(W71<=30,X71>=26),2,"") | W71: =$W$68+INT(SUM(D$69:D71)/8-D71/8+0.0001) -> 4 | X71: =MAX(W71,$W$68+ROUNDUP(SUM(D$69:D71)/8,0)-1) -> 4 | Y71: =E71 -> 1 | Z71: S | AA71: Doha
A72: B3.4 | B72: 15 clinical test cases | C72: Doha | D72: 4 | E72: =X72-W72+1 -> 1 | F72: =$C$5+INT((W72-1)/5)*7+MOD(W72-1,5) -> 46303 | G72: =$C$5+INT((X72-1)/5)*7+MOD(X72-1,5) -> 46303 | J72: In progress | K72: 0.9 | L72: =IFERROR(COUNTIFS(Checklist!$D:$D,"B3.4",Checklist!$I:$I,"Yes")/COUNTIF(Checklist!$D:$D,"B3.4"),0) -> 0 | M72: =IF(AND(J72="Done",K72<1),"Check",IF(AND(J72="In progress",K72=0),"Check",IF(AND(K72>=1,J72<>"Done"),"Check",IF(J72="Done","Done",IF(J72="Blocked","Blocked",IF(AND($C$7>X72,K72<1),"Late","")))))) | P72: =IF(AND(W72<=5,X72>=1),2,"") -> 2 | Q72: =IF(AND(W72<=10,X72>=6),2,"") | R72: =IF(AND(W72<=15,X72>=11),2,"") | S72: =IF(AND(W72<=20,X72>=16),2,"") | T72: =IF(AND(W72<=25,X72>=21),2,"") | U72: =IF(AND(W72<=30,X72>=26),2,"") | W72: =$W$68+INT(SUM(D$69:D72)/8-D72/8+0.0001) -> 5 | X72: =MAX(W72,$W$68+ROUNDUP(SUM(D$69:D72)/8,0)-1) -> 5 | Y72: =E72 -> 1 | Z72: S | AA72: Doha
A73: B2 | B73: Extraction prompts per specialty (ER / OPD / Dental): note fields only, no history | C73: Doha | D73: =SUM(D74:D76) -> 14 | E73: =ROUNDUP(D73/8,0) -> 2 | F73: =$C$5+INT((W73-1)/5)*7+MOD(W73-1,5) -> 46306 | G73: =$C$5+INT((X73-1)/5)*7+MOD(X73-1,5) -> 46307 | H73: B1 | I73: 100% schema-valid output | J73: =IF(K73>=1,"Done",IF(COUNTIF(J74:J76,"Blocked")>0,"Blocked",IF(OR(K73>0,COUNTIF(J74:J76,"In progress")>0),"In progress","Not started"))) -> Not started | K73: =IFERROR(SUMPRODUCT(D74:D76,K74:K76)/D73,0) -> 0 | L73: =IFERROR(SUMPRODUCT(D74:D76,L74:L76)/D73,0) -> 0 | M73: =IF(J73="Done","Done",IF(J73="Blocked","Blocked",IF(AND($C$7>X73,K73<1),"Late",""))) | N73: =IF(COUNTIF(J74:J76,"Blocked")>0,"Blocked subtask — see below","") | P73: =IF(AND(W73<=5,X73>=1),1,"") | Q73: =IF(AND(W73<=10,X73>=6),1,"") -> 1 | R73: =IF(AND(W73<=15,X73>=11),1,"") | S73: =IF(AND(W73<=20,X73>=16),1,"") | T73: =IF(AND(W73<=25,X73>=21),1,"") | U73: =IF(AND(W73<=30,X73>=26),1,"") | W73: =MAX(IFERROR(INDEX($X$14:$X$400,MATCH(AC73,$A$14:$A$400,0)),0),IFERROR(INDEX($X$14:$X$400,MATCH(AD73,$A$14:$A$400,0)),0),IFERROR(INDEX($X$14:$X$400,MATCH(AE73,$A$14:$A$400,0)),0),IFERROR(INDEX($X$14:$X$400,MATCH(AF73,$A$14:$A$400,0)),0),IFERROR(INDEX($X$14:$X$400,MATCH(AG73,$A$14:$A$400,0)),0),IFERROR(INDEX($X$14:$X$400,MATCH(AH73,$A$14:$A$400,0)),0),IFERROR(INDEX($X$14:$X$400,MATCH(AI73,$A$14:$A$400,0)),0),IFERROR(INDEX($X$14:$X$400,MATCH(AB73,$A$14:$A$400,0)),0))+1 -> 6 | X73: =W73+Y73-1 -> 7 | Y73: =E73 -> 2 | Z73: T | AA73: Doha | AB73: B3 | AC73: B1
A74: B2.1 | B74: Remove ICD-10, diagnosis, history from prompts | C74: Doha | D74: 2 | E74: =X74-W74+1 -> 1 | F74: =$C$5+INT((W74-1)/5)*7+MOD(W74-1,5) -> 46306 | G74: =$C$5+INT((X74-1)/5)*7+MOD(X74-1,5) -> 46306 | J74: Not started | K74: 0 | L74: =IFERROR(COUNTIFS(Checklist!$D:$D,"B2.1",Checklist!$I:$I,"Yes")/COUNTIF(Checklist!$D:$D,"B2.1"),0) -> 0 | M74: =IF(AND(J74="Done",K74<1),"Check",IF(AND(J74="In progress",K74=0),"Check",IF(AND(K74>=1,J74<>"Done"),"Check",IF(J74="Done","Done",IF(J74="Blocked","Blocked",IF(AND($C$7>X74,K74<1),"Late","")))))) | P74: =IF(AND(W74<=5,X74>=1),2,"") | Q74: =IF(AND(W74<=10,X74>=6),2,"") -> 2 | R74: =IF(AND(W74<=15,X74>=11),2,"") | S74: =IF(AND(W74<=20,X74>=16),2,"") | T74: =IF(AND(W74<=25,X74>=21),2,"") | U74: =IF(AND(W74<=30,X74>=26),2,"") | W74: =$W$73+INT(SUM(D$74:D74)/8-D74/8+0.0001) -> 6 | X74: =MAX(W74,$W$73+ROUNDUP(SUM(D$74:D74)/8,0)-1) -> 6 | Y74: =E74 -> 1 | Z74: S | AA74: Doha
A75: B2.2 | B75: Strict schemas: ER, OPD, Dental | C75: Doha | D75: 6 | E75: =X75-W75+1 -> 1 | F75: =$C$5+INT((W75-1)/5)*7+MOD(W75-1,5) -> 46306 | G75: =$C$5+INT((X75-1)/5)*7+MOD(X75-1,5) -> 46306 | J75: Not started | K75: 0 | L75: =IFERROR(COUNTIFS(Checklist!$D:$D,"B2.2",Checklist!$I:$I,"Yes")/COUNTIF(Checklist!$D:$D,"B2.2"),0) -> 0 | M75: =IF(AND(J75="Done",K75<1),"Check",IF(AND(J75="In progress",K75=0),"Check",IF(AND(K75>=1,J75<>"Done"),"Check",IF(J75="Done","Done",IF(J75="Blocked","Blocked",IF(AND($C$7>X75,K75<1),"Late","")))))) | P75: =IF(AND(W75<=5,X75>=1),2,"") | Q75: =IF(AND(W75<=10,X75>=6),2,"") -> 2 | R75: =IF(AND(W75<=15,X75>=11),2,"") | S75: =IF(AND(W75<=20,X75>=16),2,"") | T75: =IF(AND(W75<=25,X75>=21),2,"") | U75: =IF(AND(W75<=30,X75>=26),2,"") | W75: =$W$73+INT(SUM(D$74:D75)/8-D75/8+0.0001) -> 6 | X75: =MAX(W75,$W$73+ROUNDUP(SUM(D$74:D75)/8,0)-1) -> 6 | Y75: =E75 -> 1 | Z75: S | AA75: Doha
A76: B2.3 | B76: Schema-validity tests (20 notes per department) | C76: Doha | D76: 6 | E76: =X76-W76+1 -> 1 | F76: =$C$5+INT((W76-1)/5)*7+MOD(W76-1,5) -> 46307 | G76: =$C$5+INT((X76-1)/5)*7+MOD(X76-1,5) -> 46307 | J76: Not started | K76: 0 | L76: =IFERROR(COUNTIFS(Checklist!$D:$D,"B2.3",Checklist!$I:$I,"Yes")/COUNTIF(Checklist!$D:$D,"B2.3"),0) -> 0 | M76: =IF(AND(J76="Done",K76<1),"Check",IF(AND(J76="In progress",K76=0),"Check",IF(AND(K76>=1,J76<>"Done"),"Check",IF(J76="Done","Done",IF(J76="Blocked","Blocked",IF(AND($C$7>X76,K76<1),"Late","")))))) | P76: =IF(AND(W76<=5,X76>=1),2,"") | Q76: =IF(AND(W76<=10,X76>=6),2,"") -> 2 | R76: =IF(AND(W76<=15,X76>=11),2,"") | S76: =IF(AND(W76<=20,X76>=16),2,"") | T76: =IF(AND(W76<=25,X76>=21),2,"") | U76: =IF(AND(W76<=30,X76>=26),2,"") | W76: =$W$73+INT(SUM(D$74:D76)/8-D76/8+0.0001) -> 7 | X76: =MAX(W76,$W$73+ROUNDUP(SUM(D$74:D76)/8,0)-1) -> 7 | Y76: =E76 -> 1 | Z76: S | AA76: Doha
A77: M6 | B77: Carry forward: existing history SQL + scope rules, voice-fill via structuring, consent line | C77: Doha | D77: =SUM(D78:D80) -> 9 | E77: =ROUNDUP(D77/8,0) -> 2 | F77: =$C$5+INT((W77-1)/5)*7+MOD(W77-1,5) -> 46308 | G77: =$C$5+INT((X77-1)/5)*7+MOD(X77-1,5) -> 46309 | H77: B3, B5 | I77: Voice-fill works in both languages; history never sent to extraction | J77: =IF(K77>=1,"Done",IF(COUNTIF(J78:J80,"Blocked")>0,"Blocked",IF(OR(K77>0,COUNTIF(J78:J80,"In progress")>0),"In progress","Not started"))) -> Not started | K77: =IFERROR(SUMPRODUCT(D78:D80,K78:K80)/D77,0) -> 0 | L77: =IFERROR(SUMPRODUCT(D78:D80,L78:L80)/D77,0) -> 0 | M77: =IF(J77="Done","Done",IF(J77="Blocked","Blocked",IF(AND($C$7>X77,K77<1),"Late",""))) | N77: =IF(COUNTIF(J78:J80,"Blocked")>0,"Blocked subtask — see below","") | P77: =IF(AND(W77<=5,X77>=1),1,"") | Q77: =IF(AND(W77<=10,X77>=6),1,"") -> 1 | R77: =IF(AND(W77<=15,X77>=11),1,"") | S77: =IF(AND(W77<=20,X77>=16),1,"") | T77: =IF(AND(W77<=25,X77>=21),1,"") | U77: =IF(AND(W77<=30,X77>=26),1,"") | W77: =MAX(IFERROR(INDEX($X$14:$X$400,MATCH(AC77,$A$14:$A$400,0)),0),IFERROR(INDEX($X$14:$X$400,MATCH(AD77,$A$14:$A$400,0)),0),IFERROR(INDEX($X$14:$X$400,MATCH(AE77,$A$14:$A$400,0)),0),IFERROR(INDEX($X$14:$X$400,MATCH(AF77,$A$14:$A$400,0)),0),IFERROR(INDEX($X$14:$X$400,MATCH(AG77,$A$14:$A$400,0)),0),IFERROR(INDEX($X$14:$X$400,MATCH(AH77,$A$14:$A$400,0)),0),IFERROR(INDEX($X$14:$X$400,MATCH(AI77,$A$14:$A$400,0)),0),IFERROR(INDEX($X$14:$X$400,MATCH(AB77,$A$14:$A$400,0)),0))+1 -> 8 | X77: =W77+Y77-1 -> 9 | Y77: =E77 -> 2 | Z77: T | AA77: Doha | AB77: B2 | AC77: B3 | AD77: B5
A78: M6.1 | B78: History sent to reasoning only (existing SQL) | C78: Doha | D78: 4 | E78: =X78-W78+1 -> 1 | F78: =$C$5+INT((W78-1)/5)*7+MOD(W78-1,5) -> 46308 | G78: =$C$5+INT((X78-1)/5)*7+MOD(X78-1,5) -> 46308 | J78: Not started | K78: 0 | L78: =IFERROR(COUNTIFS(Checklist!$D:$D,"M6.1",Checklist!$I:$I,"Yes")/COUNTIF(Checklist!$D:$D,"M6.1"),0) -> 0 | M78: =IF(AND(J78="Done",K78<1),"Check",IF(AND(J78="In progress",K78=0),"Check",IF(AND(K78>=1,J78<>"Done"),"Check",IF(J78="Done","Done",IF(J78="Blocked","Blocked",IF(AND($C$7>X78,K78<1),"Late","")))))) | P78: =IF(AND(W78<=5,X78>=1),2,"") | Q78: =IF(AND(W78<=10,X78>=6),2,"") -> 2 | R78: =IF(AND(W78<=15,X78>=11),2,"") | S78: =IF(AND(W78<=20,X78>=16),2,"") | T78: =IF(AND(W78<=25,X78>=21),2,"") | U78: =IF(AND(W78<=30,X78>=26),2,"") | W78: =$W$77+INT(SUM(D$78:D78)/8-D78/8+0.0001) -> 8 | X78: =MAX(W78,$W$77+ROUNDUP(SUM(D$78:D78)/8,0)-1) -> 8 | Y78: =E78 -> 1 | Z78: S | AA78: Doha
A79: M6.2 | B79: Voice-fill through structuring | C79: Doha | D79: 4 | E79: =X79-W79+1 -> 1 | F79: =$C$5+INT((W79-1)/5)*7+MOD(W79-1,5) -> 46308 | G79: =$C$5+INT((X79-1)/5)*7+MOD(X79-1,5) -> 46308 | J79: Not started | K79: 0 | L79: =IFERROR(COUNTIFS(Checklist!$D:$D,"M6.2",Checklist!$I:$I,"Yes")/COUNTIF(Checklist!$D:$D,"M6.2"),0) -> 0 | M79: =IF(AND(J79="Done",K79<1),"Check",IF(AND(J79="In progress",K79=0),"Check",IF(AND(K79>=1,J79<>"Done"),"Check",IF(J79="Done","Done",IF(J79="Blocked","Blocked",IF(AND($C$7>X79,K79<1),"Late","")))))) | P79: =IF(AND(W79<=5,X79>=1),2,"") | Q79: =IF(AND(W79<=10,X79>=6),2,"") -> 2 | R79: =IF(AND(W79<=15,X79>=11),2,"") | S79: =IF(AND(W79<=20,X79>=16),2,"") | T79: =IF(AND(W79<=25,X79>=21),2,"") | U79: =IF(AND(W79<=30,X79>=26),2,"") | W79: =$W$77+INT(SUM(D$78:D79)/8-D79/8+0.0001) -> 8 | X79: =MAX(W79,$W$77+ROUNDUP(SUM(D$78:D79)/8,0)-1) -> 8 | Y79: =E79 -> 1 | Z79: S | AA79: Doha
A80: M6.3 | B80: Consent line in Conversation Mode | C80: Doha | D80: 1 | E80: =X80-W80+1 -> 1 | F80: =$C$5+INT((W80-1)/5)*7+MOD(W80-1,5) -> 46309 | G80: =$C$5+INT((X80-1)/5)*7+MOD(X80-1,5) -> 46309 | J80: Not started | K80: 0 | L80: =IFERROR(COUNTIFS(Checklist!$D:$D,"M6.3",Checklist!$I:$I,"Yes")/COUNTIF(Checklist!$D:$D,"M6.3"),0) -> 0 | M80: =IF(AND(J80="Done",K80<1),"Check",IF(AND(J80="In progress",K80=0),"Check",IF(AND(K80>=1,J80<>"Done"),"Check",IF(J80="Done","Done",IF(J80="Blocked","Blocked",IF(AND($C$7>X80,K80<1),"Late","")))))) | P80: =IF(AND(W80<=5,X80>=1),2,"") | Q80: =IF(AND(W80<=10,X80>=6),2,"") -> 2 | R80: =IF(AND(W80<=15,X80>=11),2,"") | S80: =IF(AND(W80<=20,X80>=16),2,"") | T80: =IF(AND(W80<=25,X80>=21),2,"") | U80: =IF(AND(W80<=30,X80>=26),2,"") | W80: =$W$77+INT(SUM(D$78:D80)/8-D80/8+0.0001) -> 9 | X80: =MAX(W80,$W$77+ROUNDUP(SUM(D$78:D80)/8,0)-1) -> 9 | Y80: =E80 -> 1 | Z80: S | AA80: Doha
A81: A9 | B81: Run current product on gold set (As-Is baseline) | C81: Doha | D81: =SUM(D82:D82) -> 8 | E81: =ROUNDUP(D81/8,0) -> 1 | F81: =$C$5+INT((W81-1)/5)*7+MOD(W81-1,5) -> 46315 | G81: =$C$5+INT((X81-1)/5)*7+MOD(X81-1,5) -> 46315 | H81: X5 | I81: Baseline file delivered | J81: =IF(K81>=1,"Done",IF(COUNTIF(J82:J82,"Blocked")>0,"Blocked",IF(OR(K81>0,COUNTIF(J82:J82,"In progress")>0),"In progress","Not started"))) -> Not started | K81: =IFERROR(SUMPRODUCT(D82:D82,K82:K82)/D81,0) -> 0 | L81: =IFERROR(SUMPRODUCT(D82:D82,L82:L82)/D81,0) -> 0 | M81: =IF(J81="Done","Done",IF(J81="Blocked","Blocked",IF(AND($C$7>X81,K81<1),"Late",""))) | N81: =IF(COUNTIF(J82:J82,"Blocked")>0,"Blocked subtask — see below","") | P81: =IF(AND(W81<=5,X81>=1),1,"") | Q81: =IF(AND(W81<=10,X81>=6),1,"") | R81: =IF(AND(W81<=15,X81>=11),1,"") -> 1 | S81: =IF(AND(W81<=20,X81>=16),1,"") | T81: =IF(AND(W81<=25,X81>=21),1,"") | U81: =IF(AND(W81<=30,X81>=26),1,"") | W81: =MAX(IFERROR(INDEX($X$14:$X$400,MATCH(AC81,$A$14:$A$400,0)),0),IFERROR(INDEX($X$14:$X$400,MATCH(AD81,$A$14:$A$400,0)),0),IFERROR(INDEX($X$14:$X$400,MATCH(AE81,$A$14:$A$400,0)),0),IFERROR(INDEX($X$14:$X$400,MATCH(AF81,$A$14:$A$400,0)),0),IFERROR(INDEX($X$14:$X$400,MATCH(AG81,$A$14:$A$400,0)),0),IFERROR(INDEX($X$14:$X$400,MATCH(AH81,$A$14:$A$400,0)),0),IFERROR(INDEX($X$14:$X$400,MATCH(AI81,$A$14:$A$400,0)),0),IFERROR(INDEX($X$14:$X$400,MATCH(AB81,$A$14:$A$400,0)),0))+1 -> 13 | X81: =W81+Y81-1 -> 13 | Y81: =E81 -> 1 | Z81: T | AA81: Doha | AB81: M6 | AC81: X5
A82: A9.1 | B82: Run current product on gold set; export results | C82: Doha | D82: 8 | E82: =X82-W82+1 -> 1 | F82: =$C$5+INT((W82-1)/5)*7+MOD(W82-1,5) -> 46315 | G82: =$C$5+INT((X82-1)/5)*7+MOD(X82-1,5) -> 46315 | J82: Not started | K82: 0 | L82: =IFERROR(COUNTIFS(Checklist!$D:$D,"A9.1",Checklist!$I:$I,"Yes")/COUNTIF(Checklist!$D:$D,"A9.1"),0) -> 0 | M82: =IF(AND(J82="Done",K82<1),"Check",IF(AND(J82="In progress",K82=0),"Check",IF(AND(K82>=1,J82<>"Done"),"Check",IF(J82="Done","Done",IF(J82="Blocked","Blocked",IF(AND($C$7>X82,K82<1),"Late","")))))) | P82: =IF(AND(W82<=5,X82>=1),2,"") | Q82: =IF(AND(W82<=10,X82>=6),2,"") | R82: =IF(AND(W82<=15,X82>=11),2,"") -> 2 | S82: =IF(AND(W82<=20,X82>=16),2,"") | T82: =IF(AND(W82<=25,X82>=21),2,"") | U82: =IF(AND(W82<=30,X82>=26),2,"") | W82: =$W$81+INT(SUM(D$82:D82)/8-D82/8+0.0001) -> 13 | X82: =MAX(W82,$W$81+ROUNDUP(SUM(D$82:D82)/8,0)-1) -> 13 | Y82: =E82 -> 1 | Z82: S | AA82: Doha
A83: B6 | B83: Benchmark on gold set: structuring fidelity, extraction (4o mini vs Luna), Terra vs Sol | C83: Doha | D83: =SUM(D84:D86) -> 12 | E83: =ROUNDUP(D83/8,0) -> 2 | F83: =$C$5+INT((W83-1)/5)*7+MOD(W83-1,5) -> 46316 | G83: =$C$5+INT((X83-1)/5)*7+MOD(X83-1,5) -> 46317 | H83: X5, M4, A3 | I83: Models selected and approved | J83: =IF(K83>=1,"Done",IF(COUNTIF(J84:J86,"Blocked")>0,"Blocked",IF(OR(K83>0,COUNTIF(J84:J86,"In progress")>0),"In progress","Not started"))) -> Not started | K83: =IFERROR(SUMPRODUCT(D84:D86,K84:K86)/D83,0) -> 0 | L83: =IFERROR(SUMPRODUCT(D84:D86,L84:L86)/D83,0) -> 0 | M83: =IF(J83="Done","Done",IF(J83="Blocked","Blocked",IF(AND($C$7>X83,K83<1),"Late",""))) | N83: =IF(COUNTIF(J84:J86,"Blocked")>0,"Blocked subtask — see below","") | P83: =IF(AND(W83<=5,X83>=1),1,"") | Q83: =IF(AND(W83<=10,X83>=6),1,"") | R83: =IF(AND(W83<=15,X83>=11),1,"") -> 1 | S83: =IF(AND(W83<=20,X83>=16),1,"") | T83: =IF(AND(W83<=25,X83>=21),1,"") | U83: =IF(AND(W83<=30,X83>=26),1,"") | W83: =MAX(IFERROR(INDEX($X$14:$X$400,MATCH(AC83,$A$14:$A$400,0)),0),IFERROR(INDEX($X$14:$X$400,MATCH(AD83,$A$14:$A$400,0)),0),IFERROR(INDEX($X$14:$X$400,MATCH(AE83,$A$14:$A$400,0)),0),IFERROR(INDEX($X$14:$X$400,MATCH(AF83,$A$14:$A$400,0)),0),IFERROR(INDEX($X$14:$X$400,MATCH(AG83,$A$14:$A$400,0)),0),IFERROR(INDEX($X$14:$X$400,MATCH(AH83,$A$14:$A$400,0)),0),IFERROR(INDEX($X$14:$X$400,MATCH(AI83,$A$14:$A$400,0)),0),IFERROR(INDEX($X$14:$X$400,MATCH(AB83,$A$14:$A$400,0)),0))+1 -> 14 | X83: =W83+Y83-1 -> 15 | Y83: =E83 -> 2 | Z83: T | AA83: Doha | AB83: A9 | AC83: X5 | AD83: M4 | AE83: A3
A84: B6.1 | B84: Structuring fidelity on gold set | C84: Doha | D84: 4 | E84: =X84-W84+1 -> 1 | F84: =$C$5+INT((W84-1)/5)*7+MOD(W84-1,5) -> 46316 | G84: =$C$5+INT((X84-1)/5)*7+MOD(X84-1,5) -> 46316 | J84: Not started | K84: 0 | L84: =IFERROR(COUNTIFS(Checklist!$D:$D,"B6.1",Checklist!$I:$I,"Yes")/COUNTIF(Checklist!$D:$D,"B6.1"),0) -> 0 | M84: =IF(AND(J84="Done",K84<1),"Check",IF(AND(J84="In progress",K84=0),"Check",IF(AND(K84>=1,J84<>"Done"),"Check",IF(J84="Done","Done",IF(J84="Blocked","Blocked",IF(AND($C$7>X84,K84<1),"Late","")))))) | P84: =IF(AND(W84<=5,X84>=1),2,"") | Q84: =IF(AND(W84<=10,X84>=6),2,"") | R84: =IF(AND(W84<=15,X84>=11),2,"") -> 2 | S84: =IF(AND(W84<=20,X84>=16),2,"") | T84: =IF(AND(W84<=25,X84>=21),2,"") | U84: =IF(AND(W84<=30,X84>=26),2,"") | W84: =$W$83+INT(SUM(D$84:D84)/8-D84/8+0.0001) -> 14 | X84: =MAX(W84,$W$83+ROUNDUP(SUM(D$84:D84)/8,0)-1) -> 14 | Y84: =E84 -> 1 | Z84: S | AA84: Doha
A85: B6.2 | B85: Extraction: GPT-4o mini vs Luna | C85: Doha | D85: 4 | E85: =X85-W85+1 -> 1 | F85: =$C$5+INT((W85-1)/5)*7+MOD(W85-1,5) -> 46316 | G85: =$C$5+INT((X85-1)/5)*7+MOD(X85-1,5) -> 46316 | J85: Not started | K85: 0 | L85: =IFERROR(COUNTIFS(Checklist!$D:$D,"B6.2",Checklist!$I:$I,"Yes")/COUNTIF(Checklist!$D:$D,"B6.2"),0) -> 0 | M85: =IF(AND(J85="Done",K85<1),"Check",IF(AND(J85="In progress",K85=0),"Check",IF(AND(K85>=1,J85<>"Done"),"Check",IF(J85="Done","Done",IF(J85="Blocked","Blocked",IF(AND($C$7>X85,K85<1),"Late","")))))) | P85: =IF(AND(W85<=5,X85>=1),2,"") | Q85: =IF(AND(W85<=10,X85>=6),2,"") | R85: =IF(AND(W85<=15,X85>=11),2,"") -> 2 | S85: =IF(AND(W85<=20,X85>=16),2,"") | T85: =IF(AND(W85<=25,X85>=21),2,"") | U85: =IF(AND(W85<=30,X85>=26),2,"") | W85: =$W$83+INT(SUM(D$84:D85)/8-D85/8+0.0001) -> 14 | X85: =MAX(W85,$W$83+ROUNDUP(SUM(D$84:D85)/8,0)-1) -> 14 | Y85: =E85 -> 1 | Z85: S | AA85: Doha
A86: B6.3 | B86: Reasoning results, escalation share, decision memo | C86: Doha | D86: 4 | E86: =X86-W86+1 -> 1 | F86: =$C$5+INT((W86-1)/5)*7+MOD(W86-1,5) -> 46317 | G86: =$C$5+INT((X86-1)/5)*7+MOD(X86-1,5) -> 46317 | J86: Not started | K86: 0 | L86: =IFERROR(COUNTIFS(Checklist!$D:$D,"B6.3",Checklist!$I:$I,"Yes")/COUNTIF(Checklist!$D:$D,"B6.3"),0) -> 0 | M86: =IF(AND(J86="Done",K86<1),"Check",IF(AND(J86="In progress",K86=0),"Check",IF(AND(K86>=1,J86<>"Done"),"Check",IF(J86="Done","Done",IF(J86="Blocked","Blocked",IF(AND($C$7>X86,K86<1),"Late","")))))) | P86: =IF(AND(W86<=5,X86>=1),2,"") | Q86: =IF(AND(W86<=10,X86>=6),2,"") | R86: =IF(AND(W86<=15,X86>=11),2,"") -> 2 | S86: =IF(AND(W86<=20,X86>=16),2,"") | T86: =IF(AND(W86<=25,X86>=21),2,"") | U86: =IF(AND(W86<=30,X86>=26),2,"") | W86: =$W$83+INT(SUM(D$84:D86)/8-D86/8+0.0001) -> 15 | X86: =MAX(W86,$W$83+ROUNDUP(SUM(D$84:D86)/8,0)-1) -> 15 | Y86: =E86 -> 1 | Z86: S | AA86: Doha
A87: B8 | B87: End-to-end run of new pipeline on gold set | C87: Doha | D87: =SUM(D88:D88) -> 4 | E87: =ROUNDUP(D87/8,0) -> 1 | F87: =$C$5+INT((W87-1)/5)*7+MOD(W87-1,5) -> 46320 | G87: =$C$5+INT((X87-1)/5)*7+MOD(X87-1,5) -> 46320 | H87: B6 | I87: File delivered to reviewers | J87: =IF(K87>=1,"Done",IF(COUNTIF(J88:J88,"Blocked")>0,"Blocked",IF(OR(K87>0,COUNTIF(J88:J88,"In progress")>0),"In progress","Not started"))) -> Not started | K87: =IFERROR(SUMPRODUCT(D88:D88,K88:K88)/D87,0) -> 0 | L87: =IFERROR(SUMPRODUCT(D88:D88,L88:L88)/D87,0) -> 0 | M87: =IF(J87="Done","Done",IF(J87="Blocked","Blocked",IF(AND($C$7>X87,K87<1),"Late",""))) | N87: =IF(COUNTIF(J88:J88,"Blocked")>0,"Blocked subtask — see below","") | P87: =IF(AND(W87<=5,X87>=1),1,"") | Q87: =IF(AND(W87<=10,X87>=6),1,"") | R87: =IF(AND(W87<=15,X87>=11),1,"") | S87: =IF(AND(W87<=20,X87>=16),1,"") -> 1 | T87: =IF(AND(W87<=25,X87>=21),1,"") | U87: =IF(AND(W87<=30,X87>=26),1,"") | W87: =MAX(IFERROR(INDEX($X$14:$X$400,MATCH(AC87,$A$14:$A$400,0)),0),IFERROR(INDEX($X$14:$X$400,MATCH(AD87,$A$14:$A$400,0)),0),IFERROR(INDEX($X$14:$X$400,MATCH(AE87,$A$14:$A$400,0)),0),IFERROR(INDEX($X$14:$X$400,MATCH(AF87,$A$14:$A$400,0)),0),IFERROR(INDEX($X$14:$X$400,MATCH(AG87,$A$14:$A$400,0)),0),IFERROR(INDEX($X$14:$X$400,MATCH(AH87,$A$14:$A$400,0)),0),IFERROR(INDEX($X$14:$X$400,MATCH(AI87,$A$14:$A$400,0)),0),IFERROR(INDEX($X$14:$X$400,MATCH(AB87,$A$14:$A$400,0)),0))+1 -> 16 | X87: =W87+Y87-1 -> 16 | Y87: =E87 -> 1 | Z87: T | AA87: Doha | AB87: B6 | AC87: B6
A88: B8.1 | B88: Run new pipeline on gold set; export results | C88: Doha | D88: 4 | E88: =X88-W88+1 -> 1 | F88: =$C$5+INT((W88-1)/5)*7+MOD(W88-1,5) -> 46320 | G88: =$C$5+INT((X88-1)/5)*7+MOD(X88-1,5) -> 46320 | J88: Not started | K88: 0 | L88: =IFERROR(COUNTIFS(Checklist!$D:$D,"B8.1",Checklist!$I:$I,"Yes")/COUNTIF(Checklist!$D:$D,"B8.1"),0) -> 0 | M88: =IF(AND(J88="Done",K88<1),"Check",IF(AND(J88="In progress",K88=0),"Check",IF(AND(K88>=1,J88<>"Done"),"Check",IF(J88="Done","Done",IF(J88="Blocked","Blocked",IF(AND($C$7>X88,K88<1),"Late","")))))) | P88: =IF(AND(W88<=5,X88>=1),2,"") | Q88: =IF(AND(W88<=10,X88>=6),2,"") | R88: =IF(AND(W88<=15,X88>=11),2,"") | S88: =IF(AND(W88<=20,X88>=16),2,"") -> 2 | T88: =IF(AND(W88<=25,X88>=21),2,"") | U88: =IF(AND(W88<=30,X88>=26),2,"") | W88: =$W$87+INT(SUM(D$88:D88)/8-D88/8+0.0001) -> 16 | X88: =MAX(W88,$W$87+ROUNDUP(SUM(D$88:D88)/8,0)-1) -> 16 | Y88: =E88 -> 1 | Z88: S | AA88: Doha
A89: B9 | B89: Fix gaps found by clinicians; re-run failed cases | C89: Doha | D89: =SUM(D90:D91) -> 12 | E89: =ROUNDUP(D89/8,0) -> 2 | F89: =$C$5+INT((W89-1)/5)*7+MOD(W89-1,5) -> 46323 | G89: =$C$5+INT((X89-1)/5)*7+MOD(X89-1,5) -> 46324 | H89: X6b | I89: Gate accuracy criteria met | J89: =IF(K89>=1,"Done",IF(COUNTIF(J90:J91,"Blocked")>0,"Blocked",IF(OR(K89>0,COUNTIF(J90:J91,"In progress")>0),"In progress","Not started"))) -> Not started | K89: =IFERROR(SUMPRODUCT(D90:D91,K90:K91)/D89,0) -> 0 | L89: =IFERROR(SUMPRODUCT(D90:D91,L90:L91)/D89,0) -> 0 | M89: =IF(J89="Done","Done",IF(J89="Blocked","Blocked",IF(AND($C$7>X89,K89<1),"Late",""))) | N89: =IF(COUNTIF(J90:J91,"Blocked")>0,"Blocked subtask — see below","") | P89: =IF(AND(W89<=5,X89>=1),1,"") | Q89: =IF(AND(W89<=10,X89>=6),1,"") | R89: =IF(AND(W89<=15,X89>=11),1,"") | S89: =IF(AND(W89<=20,X89>=16),1,"") -> 1 | T89: =IF(AND(W89<=25,X89>=21),1,"") | U89: =IF(AND(W89<=30,X89>=26),1,"") | W89: =MAX(IFERROR(INDEX($X$14:$X$400,MATCH(AC89,$A$14:$A$400,0)),0),IFERROR(INDEX($X$14:$X$400,MATCH(AD89,$A$14:$A$400,0)),0),IFERROR(INDEX($X$14:$X$400,MATCH(AE89,$A$14:$A$400,0)),0),IFERROR(INDEX($X$14:$X$400,MATCH(AF89,$A$14:$A$400,0)),0),IFERROR(INDEX($X$14:$X$400,MATCH(AG89,$A$14:$A$400,0)),0),IFERROR(INDEX($X$14:$X$400,MATCH(AH89,$A$14:$A$400,0)),0),IFERROR(INDEX($X$14:$X$400,MATCH(AI89,$A$14:$A$400,0)),0),IFERROR(INDEX($X$14:$X$400,MATCH(AB89,$A$14:$A$400,0)),0))+1 -> 19 | X89: =W89+Y89-1 -> 20 | Y89: =E89 -> 2 | Z89: T | AA89: Doha | AB89: B8 | AC89: X6b
A90: B9.1 | B90: Fix failed cases (prompts, triggers, lexicon) | C90: Doha | D90: 6 | E90: =X90-W90+1 -> 1 | F90: =$C$5+INT((W90-1)/5)*7+MOD(W90-1,5) -> 46323 | G90: =$C$5+INT((X90-1)/5)*7+MOD(X90-1,5) -> 46323 | J90: Not started | K90: 0 | L90: =IFERROR(COUNTIFS(Checklist!$D:$D,"B9.1",Checklist!$I:$I,"Yes")/COUNTIF(Checklist!$D:$D,"B9.1"),0) -> 0 | M90: =IF(AND(J90="Done",K90<1),"Check",IF(AND(J90="In progress",K90=0),"Check",IF(AND(K90>=1,J90<>"Done"),"Check",IF(J90="Done","Done",IF(J90="Blocked","Blocked",IF(AND($C$7>X90,K90<1),"Late","")))))) | P90: =IF(AND(W90<=5,X90>=1),2,"") | Q90: =IF(AND(W90<=10,X90>=6),2,"") | R90: =IF(AND(W90<=15,X90>=11),2,"") | S90: =IF(AND(W90<=20,X90>=16),2,"") -> 2 | T90: =IF(AND(W90<=25,X90>=21),2,"") | U90: =IF(AND(W90<=30,X90>=26),2,"") | W90: =$W$89+INT(SUM(D$90:D90)/8-D90/8+0.0001) -> 19 | X90: =MAX(W90,$W$89+ROUNDUP(SUM(D$90:D90)/8,0)-1) -> 19 | Y90: =E90 -> 1 | Z90: S | AA90: Doha
A91: B9.2 | B91: Re-run affected encounters | C91: Doha | D91: 6 | E91: =X91-W91+1 -> 2 | F91: =$C$5+INT((W91-1)/5)*7+MOD(W91-1,5) -> 46323 | G91: =$C$5+INT((X91-1)/5)*7+MOD(X91-1,5) -> 46324 | J91: Not started | K91: 0 | L91: =IFERROR(COUNTIFS(Checklist!$D:$D,"B9.2",Checklist!$I:$I,"Yes")/COUNTIF(Checklist!$D:$D,"B9.2"),0) -> 0 | M91: =IF(AND(J91="Done",K91<1),"Check",IF(AND(J91="In progress",K91=0),"Check",IF(AND(K91>=1,J91<>"Done"),"Check",IF(J91="Done","Done",IF(J91="Blocked","Blocked",IF(AND($C$7>X91,K91<1),"Late","")))))) | P91: =IF(AND(W91<=5,X91>=1),2,"") | Q91: =IF(AND(W91<=10,X91>=6),2,"") | R91: =IF(AND(W91<=15,X91>=11),2,"") | S91: =IF(AND(W91<=20,X91>=16),2,"") -> 2 | T91: =IF(AND(W91<=25,X91>=21),2,"") | U91: =IF(AND(W91<=30,X91>=26),2,"") | W91: =$W$89+INT(SUM(D$90:D91)/8-D91/8+0.0001) -> 19 | X91: =MAX(W91,$W$89+ROUNDUP(SUM(D$90:D91)/8,0)-1) -> 20 | Y91: =E91 -> 2 | Z91: S | AA91: Doha
A92: MOHAMED ESSAM — Integration & application
A93: M1 | B93: Clinical AI Gateway (API Management): Entra auth, rate limits, audit log | C93: Mohamed Essam | D93: =SUM(D94:D96) -> 12 | E93: =ROUNDUP(D93/8,0) -> 2 | F93: =$C$5+INT((W93-1)/5)*7+MOD(W93-1,5) -> 46299 | G93: =$C$5+INT((X93-1)/5)*7+MOD(X93-1,5) -> 46300 | H93: — | I93: All model calls pass through gateway; policies tested | J93: =IF(K93>=1,"Done",IF(COUNTIF(J94:J96,"Blocked")>0,"Blocked",IF(OR(K93>0,COUNTIF(J94:J96,"In progress")>0),"In progress","Not started"))) -> In progress | K93: =IFERROR(SUMPRODUCT(D94:D96,K94:K96)/D93,0) -> 0 | L93: =IFERROR(SUMPRODUCT(D94:D96,L94:L96)/D93,0) -> 0 | M93: =IF(J93="Done","Done",IF(J93="Blocked","Blocked",IF(AND($C$7>X93,K93<1),"Late",""))) | N93: =IF(COUNTIF(J94:J96,"Blocked")>0,"Blocked subtask — see below","") | P93: =IF(AND(W93<=5,X93>=1),1,"") -> 1 | Q93: =IF(AND(W93<=10,X93>=6),1,"") | R93: =IF(AND(W93<=15,X93>=11),1,"") | S93: =IF(AND(W93<=20,X93>=16),1,"") | T93: =IF(AND(W93<=25,X93>=21),1,"") | U93: =IF(AND(W93<=30,X93>=26),1,"") | W93: =MAX(IFERROR(INDEX($X$14:$X$400,MATCH(AC93,$A$14:$A$400,0)),0),IFERROR(INDEX($X$14:$X$400,MATCH(AD93,$A$14:$A$400,0)),0),IFERROR(INDEX($X$14:$X$400,MATCH(AE93,$A$14:$A$400,0)),0),IFERROR(INDEX($X$14:$X$400,MATCH(AF93,$A$14:$A$400,0)),0),IFERROR(INDEX($X$14:$X$400,MATCH(AG93,$A$14:$A$400,0)),0),IFERROR(INDEX($X$14:$X$400,MATCH(AH93,$A$14:$A$400,0)),0),IFERROR(INDEX($X$14:$X$400,MATCH(AI93,$A$14:$A$400,0)),0),IFERROR(INDEX($X$14:$X$400,MATCH(AB93,$A$14:$A$400,0)),0))+1 -> 1 | X93: =W93+Y93-1 -> 2 | Y93: =E93 -> 2 | Z93: T | AA93: Mohamed Essam
A94: M1.1 | B94: API Management instance with VNet | C94: Mohamed Essam | D94: 4 | E94: =X94-W94+1 -> 1 | F94: =$C$5+INT((W94-1)/5)*7+MOD(W94-1,5) -> 46299 | G94: =$C$5+INT((X94-1)/5)*7+MOD(X94-1,5) -> 46299 | J94: In progress | K94: 0 | L94: =IFERROR(COUNTIFS(Checklist!$D:$D,"M1.1",Checklist!$I:$I,"Yes")/COUNTIF(Checklist!$D:$D,"M1.1"),0) -> 0 | M94: =IF(AND(J94="Done",K94<1),"Check",IF(AND(J94="In progress",K94=0),"Check",IF(AND(K94>=1,J94<>"Done"),"Check",IF(J94="Done","Done",IF(J94="Blocked","Blocked",IF(AND($C$7>X94,K94<1),"Late","")))))) -> Check | P94: =IF(AND(W94<=5,X94>=1),2,"") -> 2 | Q94: =IF(AND(W94<=10,X94>=6),2,"") | R94: =IF(AND(W94<=15,X94>=11),2,"") | S94: =IF(AND(W94<=20,X94>=16),2,"") | T94: =IF(AND(W94<=25,X94>=21),2,"") | U94: =IF(AND(W94<=30,X94>=26),2,"") | W94: =$W$93+INT(SUM(D$94:D94)/8-D94/8+0.0001) -> 1 | X94: =MAX(W94,$W$93+ROUNDUP(SUM(D$94:D94)/8,0)-1) -> 1 | Y94: =E94 -> 1 | Z94: S | AA94: Mohamed Essam
A95: M1.2 | B95: Policies: Entra ID, rate limits | C95: Mohamed Essam | D95: 4 | E95: =X95-W95+1 -> 1 | F95: =$C$5+INT((W95-1)/5)*7+MOD(W95-1,5) -> 46299 | G95: =$C$5+INT((X95-1)/5)*7+MOD(X95-1,5) -> 46299 | J95: In progress | K95: 0 | L95: =IFERROR(COUNTIFS(Checklist!$D:$D,"M1.2",Checklist!$I:$I,"Yes")/COUNTIF(Checklist!$D:$D,"M1.2"),0) -> 0 | M95: =IF(AND(J95="Done",K95<1),"Check",IF(AND(J95="In progress",K95=0),"Check",IF(AND(K95>=1,J95<>"Done"),"Check",IF(J95="Done","Done",IF(J95="Blocked","Blocked",IF(AND($C$7>X95,K95<1),"Late","")))))) -> Check | P95: =IF(AND(W95<=5,X95>=1),2,"") -> 2 | Q95: =IF(AND(W95<=10,X95>=6),2,"") | R95: =IF(AND(W95<=15,X95>=11),2,"") | S95: =IF(AND(W95<=20,X95>=16),2,"") | T95: =IF(AND(W95<=25,X95>=21),2,"") | U95: =IF(AND(W95<=30,X95>=26),2,"") | W95: =$W$93+INT(SUM(D$94:D95)/8-D95/8+0.0001) -> 1 | X95: =MAX(W95,$W$93+ROUNDUP(SUM(D$94:D95)/8,0)-1) -> 1 | Y95: =E95 -> 1 | Z95: S | AA95: Mohamed Essam
A96: M1.3 | B96: Foundry backends; logging without bodies | C96: Mohamed Essam | D96: 4 | E96: =X96-W96+1 -> 1 | F96: =$C$5+INT((W96-1)/5)*7+MOD(W96-1,5) -> 46300 | G96: =$C$5+INT((X96-1)/5)*7+MOD(X96-1,5) -> 46300 | J96: In progress | K96: 0 | L96: =IFERROR(COUNTIFS(Checklist!$D:$D,"M1.3",Checklist!$I:$I,"Yes")/COUNTIF(Checklist!$D:$D,"M1.3"),0) -> 0 | M96: =IF(AND(J96="Done",K96<1),"Check",IF(AND(J96="In progress",K96=0),"Check",IF(AND(K96>=1,J96<>"Done"),"Check",IF(J96="Done","Done",IF(J96="Blocked","Blocked",IF(AND($C$7>X96,K96<1),"Late","")))))) -> Check | P96: =IF(AND(W96<=5,X96>=1),2,"") -> 2 | Q96: =IF(AND(W96<=10,X96>=6),2,"") | R96: =IF(AND(W96<=15,X96>=11),2,"") | S96: =IF(AND(W96<=20,X96>=16),2,"") | T96: =IF(AND(W96<=25,X96>=21),2,"") | U96: =IF(AND(W96<=30,X96>=26),2,"") | W96: =$W$93+INT(SUM(D$94:D96)/8-D96/8+0.0001) -> 2 | X96: =MAX(W96,$W$93+ROUNDUP(SUM(D$94:D96)/8,0)-1) -> 2 | Y96: =E96 -> 1 | Z96: S | AA96: Mohamed Essam
A97: M2 | B97: Provider adapter: switch OpenRouter → Foundry by configuration | C97: Mohamed Essam | D97: =SUM(D98:D99) -> 6 | E97: =ROUNDUP(D97/8,0) -> 1 | F97: =$C$5+INT((W97-1)/5)*7+MOD(W97-1,5) -> 46301 | G97: =$C$5+INT((X97-1)/5)*7+MOD(X97-1,5) -> 46301 | H97: M1 | I97: Provider switch without code change; tests pass | J97: =IF(K97>=1,"Done",IF(COUNTIF(J98:J99,"Blocked")>0,"Blocked",IF(OR(K97>0,COUNTIF(J98:J99,"In progress")>0),"In progress","Not started"))) -> In progress | K97: =IFERROR(SUMPRODUCT(D98:D99,K98:K99)/D97,0) -> 0 | L97: =IFERROR(SUMPRODUCT(D98:D99,L98:L99)/D97,0) -> 0 | M97: =IF(J97="Done","Done",IF(J97="Blocked","Blocked",IF(AND($C$7>X97,K97<1),"Late",""))) | N97: =IF(COUNTIF(J98:J99,"Blocked")>0,"Blocked subtask — see below","") | P97: =IF(AND(W97<=5,X97>=1),1,"") -> 1 | Q97: =IF(AND(W97<=10,X97>=6),1,"") | R97: =IF(AND(W97<=15,X97>=11),1,"") | S97: =IF(AND(W97<=20,X97>=16),1,"") | T97: =IF(AND(W97<=25,X97>=21),1,"") | U97: =IF(AND(W97<=30,X97>=26),1,"") | W97: =MAX(IFERROR(INDEX($X$14:$X$400,MATCH(AC97,$A$14:$A$400,0)),0),IFERROR(INDEX($X$14:$X$400,MATCH(AD97,$A$14:$A$400,0)),0),IFERROR(INDEX($X$14:$X$400,MATCH(AE97,$A$14:$A$400,0)),0),IFERROR(INDEX($X$14:$X$400,MATCH(AF97,$A$14:$A$400,0)),0),IFERROR(INDEX($X$14:$X$400,MATCH(AG97,$A$14:$A$400,0)),0),IFERROR(INDEX($X$14:$X$400,MATCH(AH97,$A$14:$A$400,0)),0),IFERROR(INDEX($X$14:$X$400,MATCH(AI97,$A$14:$A$400,0)),0),IFERROR(INDEX($X$14:$X$400,MATCH(AB97,$A$14:$A$400,0)),0))+1 -> 3 | X97: =W97+Y97-1 -> 3 | Y97: =E97 -> 1 | Z97: T | AA97: Mohamed Essam | AB97: M1 | AC97: M1
A98: M2.1 | B98: Provider interfaces (LLM, STT) | C98: Mohamed Essam | D98: 4 | E98: =X98-W98+1 -> 1 | F98: =$C$5+INT((W98-1)/5)*7+MOD(W98-1,5) -> 46301 | G98: =$C$5+INT((X98-1)/5)*7+MOD(X98-1,5) -> 46301 | J98: In progress | K98: 0 | L98: =IFERROR(COUNTIFS(Checklist!$D:$D,"M2.1",Checklist!$I:$I,"Yes")/COUNTIF(Checklist!$D:$D,"M2.1"),0) -> 0 | M98: =IF(AND(J98="Done",K98<1),"Check",IF(AND(J98="In progress",K98=0),"Check",IF(AND(K98>=1,J98<>"Done"),"Check",IF(J98="Done","Done",IF(J98="Blocked","Blocked",IF(AND($C$7>X98,K98<1),"Late","")))))) -> Check | P98: =IF(AND(W98<=5,X98>=1),2,"") -> 2 | Q98: =IF(AND(W98<=10,X98>=6),2,"") | R98: =IF(AND(W98<=15,X98>=11),2,"") | S98: =IF(AND(W98<=20,X98>=16),2,"") | T98: =IF(AND(W98<=25,X98>=21),2,"") | U98: =IF(AND(W98<=30,X98>=26),2,"") | W98: =$W$97+INT(SUM(D$98:D98)/8-D98/8+0.0001) -> 3 | X98: =MAX(W98,$W$97+ROUNDUP(SUM(D$98:D98)/8,0)-1) -> 3 | Y98: =E98 -> 1 | Z98: S | AA98: Mohamed Essam
A99: M2.2 | B99: Config switch OpenRouter → Foundry | C99: Mohamed Essam | D99: 2 | E99: =X99-W99+1 -> 1 | F99: =$C$5+INT((W99-1)/5)*7+MOD(W99-1,5) -> 46301 | G99: =$C$5+INT((X99-1)/5)*7+MOD(X99-1,5) -> 46301 | J99: In progress | K99: 0 | L99: =IFERROR(COUNTIFS(Checklist!$D:$D,"M2.2",Checklist!$I:$I,"Yes")/COUNTIF(Checklist!$D:$D,"M2.2"),0) -> 0 | M99: =IF(AND(J99="Done",K99<1),"Check",IF(AND(J99="In progress",K99=0),"Check",IF(AND(K99>=1,J99<>"Done"),"Check",IF(J99="Done","Done",IF(J99="Blocked","Blocked",IF(AND($C$7>X99,K99<1),"Late","")))))) -> Check | P99: =IF(AND(W99<=5,X99>=1),2,"") -> 2 | Q99: =IF(AND(W99<=10,X99>=6),2,"") | R99: =IF(AND(W99<=15,X99>=11),2,"") | S99: =IF(AND(W99<=20,X99>=16),2,"") | T99: =IF(AND(W99<=25,X99>=21),2,"") | U99: =IF(AND(W99<=30,X99>=26),2,"") | W99: =$W$97+INT(SUM(D$98:D99)/8-D99/8+0.0001) -> 3 | X99: =MAX(W99,$W$97+ROUNDUP(SUM(D$98:D99)/8,0)-1) -> 3 | Y99: =E99 -> 1 | Z99: S | AA99: Mohamed Essam
A100: A8 | B100: Build gold set: sample 100 logged sessions (70% Arabic/mixed), de-identify | C100: Mohamed Essam | D100: =SUM(D101:D101) -> 8 | E100: =ROUNDUP(D100/8,0) -> 1 | F100: =$C$5+INT((W100-1)/5)*7+MOD(W100-1,5) -> 46306 | G100: =$C$5+INT((X100-1)/5)*7+MOD(X100-1,5) -> 46306 | H100: X1 | I100: De-identified package delivered | J100: =IF(K100>=1,"Done",IF(COUNTIF(J101:J101,"Blocked")>0,"Blocked",IF(OR(K100>0,COUNTIF(J101:J101,"In progress")>0),"In progress","Not started"))) -> Not started | K100: =IFERROR(SUMPRODUCT(D101:D101,K101:K101)/D100,0) -> 0 | L100: =IFERROR(SUMPRODUCT(D101:D101,L101:L101)/D100,0) -> 0 | M100: =IF(J100="Done","Done",IF(J100="Blocked","Blocked",IF(AND($C$7>X100,K100<1),"Late",""))) | N100: =IF(COUNTIF(J101:J101,"Blocked")>0,"Blocked subtask — see below","") | P100: =IF(AND(W100<=5,X100>=1),1,"") | Q100: =IF(AND(W100<=10,X100>=6),1,"") -> 1 | R100: =IF(AND(W100<=15,X100>=11),1,"") | S100: =IF(AND(W100<=20,X100>=16),1,"") | T100: =IF(AND(W100<=25,X100>=21),1,"") | U100: =IF(AND(W100<=30,X100>=26),1,"") | W100: =MAX(IFERROR(INDEX($X$14:$X$400,MATCH(AC100,$A$14:$A$400,0)),0),IFERROR(INDEX($X$14:$X$400,MATCH(AD100,$A$14:$A$400,0)),0),IFERROR(INDEX($X$14:$X$400,MATCH(AE100,$A$14:$A$400,0)),0),IFERROR(INDEX($X$14:$X$400,MATCH(AF100,$A$14:$A$400,0)),0),IFERROR(INDEX($X$14:$X$400,MATCH(AG100,$A$14:$A$400,0)),0),IFERROR(INDEX($X$14:$X$400,MATCH(AH100,$A$14:$A$400,0)),0),IFERROR(INDEX($X$14:$X$400,MATCH(AI100,$A$14:$A$400,0)),0),IFERROR(INDEX($X$14:$X$400,MATCH(AB100,$A$14:$A$400,0)),0))+1 -> 6 | X100: =W100+Y100-1 -> 6 | Y100: =E100 -> 1 | Z100: T | AA100: Mohamed Essam | AB100: M2 | AC100: X1
A101: A8.1 | B101: Sample 100 sessions; de-identify; package | C101: Mohamed Essam | D101: 8 | E101: =X101-W101+1 -> 1 | F101: =$C$5+INT((W101-1)/5)*7+MOD(W101-1,5) -> 46306 | G101: =$C$5+INT((X101-1)/5)*7+MOD(X101-1,5) -> 46306 | J101: Not started | K101: 0 | L101: =IFERROR(COUNTIFS(Checklist!$D:$D,"A8.1",Checklist!$I:$I,"Yes")/COUNTIF(Checklist!$D:$D,"A8.1"),0) -> 0 | M101: =IF(AND(J101="Done",K101<1),"Check",IF(AND(J101="In progress",K101=0),"Check",IF(AND(K101>=1,J101<>"Done"),"Check",IF(J101="Done","Done",IF(J101="Blocked","Blocked",IF(AND($C$7>X101,K101<1),"Late","")))))) | P101: =IF(AND(W101<=5,X101>=1),2,"") | Q101: =IF(AND(W101<=10,X101>=6),2,"") -> 2 | R101: =IF(AND(W101<=15,X101>=11),2,"") | S101: =IF(AND(W101<=20,X101>=16),2,"") | T101: =IF(AND(W101<=25,X101>=21),2,"") | U101: =IF(AND(W101<=30,X101>=26),2,"") | W101: =$W$100+INT(SUM(D$101:D101)/8-D101/8+0.0001) -> 6 | X101: =MAX(W101,$W$100+ROUNDUP(SUM(D$101:D101)/8,0)-1) -> 6 | Y101: =E101 -> 1 | Z101: S | AA101: Mohamed Essam
A102: M3 | B102: Validation layer: ICD-10 code check, schema, diagnosis–findings consistency, history cross-check, missing-field checklist | C102: Mohamed Essam | D102: =SUM(D103:D107) -> 22 | E102: =ROUNDUP(D102/8,0) -> 3 | F102: =$C$5+INT((W102-1)/5)*7+MOD(W102-1,5) -> 46307 | G102: =$C$5+INT((X102-1)/5)*7+MOD(X102-1,5) -> 46309 | H102: B1, X2 | I102: All rules tested; invalid output rejected with reason | J102: =IF(K102>=1,"Done",IF(COUNTIF(J103:J107,"Blocked")>0,"Blocked",IF(OR(K102>0,COUNTIF(J103:J107,"In progress")>0),"In progress","Not started"))) -> Not started | K102: =IFERROR(SUMPRODUCT(D103:D107,K103:K107)/D102,0) -> 0 | L102: =IFERROR(SUMPRODUCT(D103:D107,L103:L107)/D102,0) -> 0 | M102: =IF(J102="Done","Done",IF(J102="Blocked","Blocked",IF(AND($C$7>X102,K102<1),"Late",""))) | N102: =IF(COUNTIF(J103:J107,"Blocked")>0,"Blocked subtask — see below","") | P102: =IF(AND(W102<=5,X102>=1),1,"") | Q102: =IF(AND(W102<=10,X102>=6),1,"") -> 1 | R102: =IF(AND(W102<=15,X102>=11),1,"") | S102: =IF(AND(W102<=20,X102>=16),1,"") | T102: =IF(AND(W102<=25,X102>=21),1,"") | U102: =IF(AND(W102<=30,X102>=26),1,"") | W102: =MAX(IFERROR(INDEX($X$14:$X$400,MATCH(AC102,$A$14:$A$400,0)),0),IFERROR(INDEX($X$14:$X$400,MATCH(AD102,$A$14:$A$400,0)),0),IFERROR(INDEX($X$14:$X$400,MATCH(AE102,$A$14:$A$400,0)),0),IFERROR(INDEX($X$14:$X$400,MATCH(AF102,$A$14:$A$400,0)),0),IFERROR(INDEX($X$14:$X$400,MATCH(AG102,$A$14:$A$400,0)),0),IFERROR(INDEX($X$14:$X$400,MATCH(AH102,$A$14:$A$400,0)),0),IFERROR(INDEX($X$14:$X$400,MATCH(AI102,$A$14:$A$400,0)),0),IFERROR(INDEX($X$14:$X$400,MATCH(AB102,$A$14:$A$400,0)),0))+1 -> 7 | X102: =W102+Y102-1 -> 9 | Y102: =E102 -> 3 | Z102: T | AA102: Mohamed Essam | AB102: A8 | AC102: B1 | AD102: X2
...

Sheet Checklist
A1: MedVoice v3.4 — Checklist per subtask
A2: Mark each item Yes only when the evidence exists. The Checklist % on the Tracker updates automatically. Filter by Owner or Task to run your own list.
A5: Items done | C5: =COUNTIF($I$8:$I$400,"Yes")&" of "&COUNTA($G$8:$G$400) -> 0 of 179 | D5: Completion | F5: =IFERROR(COUNTIF($I$8:$I$400,"Yes")/COUNTA($G$8:$G$400),0) -> 0
A7: Owner | B7: Task ID | C7: Task | D7: Subtask ID | E7: Subtask | F7: # | G7: Check item | H7: Evidence to show | I7: Done? | J7: Checked by | K7: Date | L7: Comment
A8: PRE-REQUISITES — outside the AI team
A9: Compliance | B9: X1 | C9: Approve use of de-identified logged sessions as the gold set | D9: X1 | E9: — | F9: 1 | G9: Request submitted with scope, de-identification method and access list | H9: Request reference | I9: No
A10: Compliance | B10: X1 | D10: X1 | F10: 2 | G10: Conditions of use recorded | H10: Approval letter | I10: No
A11: Compliance | B11: X1 | D11: X1 | F11: 3 | G11: Approval shared with AI team | H11: Email / Teams message | I11: No
A12: Coding team | B12: X2 | C12: Export ICD-10 code master from the HIS coding system | D12: X2 | E12: — | F12: 1 | G12: ICD-10 file exported from HIS coding system | H12: codes.csv | I12: No
A13: Coding team | B13: X2 | D13: X2 | F13: 2 | G13: Edition and version stated (e.g. ICD-10-AM) | H13: File header / note | I13: No
A14: Coding team | B14: X2 | D14: X2 | F14: 3 | G14: File received by Mohamed | H14: Message confirming receipt | I14: No
A15: Compliance | B15: X3 | C15: Confirm residency: Foundry region; continued use of Munsit and Voxtral APIs | D15: X3 | E15: — | F15: 1 | G15: Foundry region approved for patient text | H15: Written decision | I15: No
A16: Compliance | B16: X3 | D16: X3 | F16: 2 | G16: Continued use of Munsit and Voxtral APIs approved | H16: Written decision | I16: No
A17: Compliance | B17: X3 | D17: X3 | F17: 3 | G17: Conditions shared with AI team | H17: Email | I17: No
A18: Steering | B18: X4 | C18: Sign acceptance thresholds and pilot site | D18: X4 | E18: — | F18: 1 | G18: Acceptance thresholds reviewed (design 14.3) | H18: Signed sheet | I18: No
A19: Steering | B19: X4 | D19: X4 | F19: 2 | G19: Pilot site and doctors named | H19: List of names | I19: No
A20: Steering | B20: X4 | D20: X4 | F20: 3 | G20: Signed by steering | H20: Signature / minutes | I20: No
A21: AHMED HAMDY — Platform & performance
A22: Ahmed Hamdy | B22: A1 | C22: Fix LLM concurrency: shared async client, 45 s timeout, backoff + jitter, per-model limits, async streaming | D22: A1.1 | E22: Shared async client + 45 s timeout, no hidden retries | F22: 1 | G22: One AsyncOpenAI client created at startup (lifespan) | H22: Code: no client created per request | I22: No
A23: Ahmed Hamdy | B23: A1 | D23: A1.1 | F23: 2 | G23: Timeout 45 s, max_retries=0 set | H23: Config / code | I23: No
A24: Ahmed Hamdy | B24: A1 | D24: A1.1 | F24: 3 | G24: Unit tests pass | H24: CI run | I24: No
A25: Ahmed Hamdy | B25: A1 | D25: A1.2 | E25: Async streaming for refine / translate | F25: 1 | G25: Streaming uses async for on an async stream | H25: Code diff | I25: No
A26: Ahmed Hamdy | B26: A1 | D26: A1.2 | F26: 2 | G26: No blocking loop inside async generator | H26: Code review note | I26: No
A27: Ahmed Hamdy | B27: A1 | D27: A1.3 | E27: Backoff + jitter on 429/5xx; remove key rotation | F27: 1 | G27: Retry only on 429, 5xx, timeouts; honours Retry-After | H27: Code + test | I27: No
A28: Ahmed Hamdy | B28: A1 | D28: A1.3 | F28: 2 | G28: Max 4 attempts with jitter | H28: Config | I28: No
A29: Ahmed Hamdy | B29: A1 | D29: A1.3 | F29: 3 | G29: Key rotation on 429 removed | H29: Code diff | I29: No
A30: Ahmed Hamdy | B30: A1 | D30: A1.4 | E30: Per-model concurrency limits (semaphores) | F30: 1 | G30: Semaphore per model; limit in config | H30: Config file | I30: No
A31: Ahmed Hamdy | B31: A1 | D31: A1.4 | F31: 2 | G31: Limit sized with Little’s law | H31: Calculation note | I31: No
A32: Ahmed Hamdy | B32: A1 | D32: A1.5 | E32: Test: 30 parallel analyses | F32: 1 | G32: 30 parallel analyses complete | H32: Test output | I32: No
A33: Ahmed Hamdy | B33: A1 | D33: A1.5 | F33: 2 | G33: Mocked 429s retried ≤ 3 times each | H33: Test log | I33: No
A34: Ahmed Hamdy | B34: A1 | D34: A1.5 | F34: 3 | G34: Event-loop lag < 50 ms | H34: Measurement | I34: No
A35: Ahmed Hamdy | B35: A2 | C35: Azure foundation: Key Vault, managed identities, private endpoints, App Insights | D35: A2.1 | E35: Key Vault; move all secrets | F35: 1 | G35: Key Vault created; access via RBAC | H35: Azure portal | I35: No
A36: Ahmed Hamdy | B36: A2 | D36: A2.1 | F36: 2 | G36: All secrets moved; none in code or env files | H36: Repo scan | I36: No
A37: Ahmed Hamdy | B37: A2 | D37: A2.2 | E37: Managed identities + RBAC | F37: 1 | G37: User-assigned managed identity created and attached to app | H37: Azure portal | I37: No
A38: Ahmed Hamdy | B38: A2 | D38: A2.2 | F38: 2 | G38: Roles granted (Key Vault Secrets User, Foundry user) | H38: Role assignments | I38: No
A39: Ahmed Hamdy | B39: A2 | D39: A2.3 | E39: Private endpoints + DNS (Foundry, Key Vault) | F39: 1 | G39: Private endpoints for Foundry and Key Vault | H39: Azure portal | I39: No
A40: Ahmed Hamdy | B40: A2 | D40: A2.3 | F40: 2 | G40: Private DNS resolves to private IP from app subnet | H40: nslookup output | I40: No
A41: Ahmed Hamdy | B41: A2 | D41: A2.3 | F41: 3 | G41: Public network access disabled | H41: Resource settings | I41: No
A42: Ahmed Hamdy | B42: A2 | D42: A2.4 | E42: App Insights, no patient text in logs | F42: 1 | G42: App Insights connected (OpenTelemetry) | H42: Traces visible | I42: No
A43: Ahmed Hamdy | B43: A2 | D43: A2.4 | F43: 2 | G43: No transcript or note text in logs | H43: Log sample check | I43: No
A44: Ahmed Hamdy | B44: B5 | C44: Incremental structuring: structure each transcript segment live, consolidate at end | D44: B5.1 | E44: Structure each final transcript segment with running context | F44: 1 | G44: Each final transcript segment structured with running context | H44: Demo / log | I44: No
A45: Ahmed Hamdy | B45: B5 | D45: B5.1 | F45: 2 | G45: Speaker labels preserved per segment | H45: Sample output | I45: No
A46: Ahmed Hamdy | B46: B5 | D46: B5.2 | E46: Consolidation pass when dictation stops | F46: 1 | G46: Consolidation runs on stop | H46: Code + demo | I46: No
A47: Ahmed Hamdy | B47: B5 | D47: B5.2 | F47: 2 | G47: Final note ready ≤ 3 s after stop | H47: Timing log | I47: No
A48: Ahmed Hamdy | B48: B5 | D48: B5.3 | E48: Compare with one-shot on 10 transcripts | F48: 1 | G48: 10 transcripts compared with one-shot | H48: Comparison sheet | I48: No
A49: Ahmed Hamdy | B49: B5 | D49: B5.3 | F49: 2 | G49: No omissions or added detail vs one-shot | H49: Reviewer note | I49: No
A50: Ahmed Hamdy | B50: B4 | C50: Reasoning router: rule-based triggers, GPT-5.6 Terra default, one-step escalation to Sol, audit | D50: B4.1 | E50: Trigger rules as a pure function | F50: 1 | G50: Triggers implemented as a pure function | H50: Code | I50: No
A51: Ahmed Hamdy | B51: B4 | D51: B4.1 | F51: 2 | G51: Each trigger has a unit test | H51: CI run | I51: No
A52: Ahmed Hamdy | B52: B4 | D52: B4.2 | E52: Terra default; one escalation to Sol | F52: 1 | G52: Terra is default for every encounter | H52: Config | I52: No
A53: Ahmed Hamdy | B53: B4 | D53: B4.2 | F53: 2 | G53: One escalation to Sol on validation failure; never more | H53: Test | I53: No
A54: Ahmed Hamdy | B54: B4 | D54: B4.3 | E54: Audit record + unit tests | F54: 1 | G54: Audit record per routing decision (signals, tier, reason) | H54: Log sample | I54: No
A55: Ahmed Hamdy | B55: B4 | D55: B4.3 | F55: 2 | G55: Tests pass | H55: CI run | I55: No
A56: Ahmed Hamdy | B56: A4 | C56: CI/CD pipeline and staging environment | D56: A4.1 | E56: CI pipeline: lint, test, build, push | F56: 1 | G56: Pipeline: lint → tests → build → push to registry | H56: Pipeline run | I56: No
A57: Ahmed Hamdy | B57: A4 | D57: A4.1 | F57: 2 | G57: Pipeline green on main | H57: Screenshot | I57: No
A58: Ahmed Hamdy | B58: A4 | D58: A4.2 | E58: Staging environment | F58: 1 | G58: Staging created from same configuration as production | H58: Resource list | I58: No
A59: Ahmed Hamdy | B59: A4 | D59: A4.2 | F59: 2 | G59: Staging reachable only on private network | H59: Access test | I59: No
A60: Ahmed Hamdy | B60: A4 | D60: A4.3 | E60: Smoke test + approval gate to production | F60: 1 | G60: Smoke test /health after deploy | H60: Pipeline log | I60: No
A61: Ahmed Hamdy | B61: A4 | D61: A4.3 | F61: 2 | G61: Manual approval required for production | H61: Pipeline setting | I61: No
A62: Ahmed Hamdy | B62: A3 | C62: Deploy Foundry models: GPT-4o mini, GPT-5.6 Luna / Terra / Sol, structuring LLM | D62: A3.1 | E62: Deploy GPT-4o mini, Luna, Terra, Sol, DeepSeek V3 | F62: 1 | G62: GPT-4o mini, GPT-5.6 Luna, Terra, Sol, DeepSeek V3 deployed in approved region | H62: Foundry deployments list | I62: No
A63: Ahmed Hamdy | B63: A3 | D63: A3.2 | E63: Record quotas; add to config | F63: 1 | G63: Quotas (TPM/RPM) recorded per model | H63: Quota table | I63: No
A64: Ahmed Hamdy | B64: A3 | D64: A3.2 | F64: 2 | G64: Deployment names in config | H64: Config file | I64: No
A65: Ahmed Hamdy | B65: A3 | D65: A3.3 | E65: Strict-JSON smoke test; content-filter check | F65: 1 | G65: Each model returns valid strict JSON | H65: Smoke-test output | I65: No
A66: Ahmed Hamdy | B66: A3 | D66: A3.3 | F66: 2 | G66: Content filter does not block 20 clinical samples | H66: Test log | I66: No
A67: Ahmed Hamdy | B67: A5 | C67: Load-test harness for WebSocket + SSE sessions | D67: A5.1 | E67: Locust session script (audio stream + SSE) | F67: 1 | G67: Locust script streams audio in real time | H67: Script in repo | I67: No
A68: Ahmed Hamdy | B68: A5 | D68: A5.1 | F68: 2 | G68: Script reads SSE until done | H68: Demo run | I68: No
A69: Ahmed Hamdy | B69: A5 | D69: A5.2 | E69: Export timings per session | F69: 1 | G69: Timings exported per session (first partial, final, first SSE, total) | H69: CSV sample | I69: No
A70: Ahmed Hamdy | B70: A7 | C70: Resilience: health checks, circuit breakers, model fallback, admission control | D70: A7.1 | E70: Health and readiness probes | F70: 1 | G70: /health and /ready per dependency | H70: Endpoint responses | I70: No
A71: Ahmed Hamdy | B71: A7 | D71: A7.1 | F71: 2 | G71: /ready returns 503 when a dependency is down | H71: Test | I71: No
A72: Ahmed Hamdy | B72: A7 | D72: A7.2 | E72: Circuit breaker per provider | F72: 1 | G72: Circuit breaker per provider (5 failures / 30 s) | H72: Code + test | I72: No
A73: Ahmed Hamdy | B73: A7 | D73: A7.2 | F73: 2 | G73: Half-open probe recovers automatically | H73: Test log | I73: No
A74: Ahmed Hamdy | B74: A7 | D74: A7.3 | E74: Model fallbacks (4o mini ↔ Luna, Terra → Sol) | F74: 1 | G74: Extraction fallback GPT-4o mini ↔ Luna works | H74: Test | I74: No
A75: Ahmed Hamdy | B75: A7 | D75: A7.3 | F75: 2 | G75: Reasoning fallback Terra → Sol works | H75: Test | I75: No
A76: Ahmed Hamdy | B76: A7 | D76: A7.4 | E76: Admission control (503 + Retry-After) | F76: 1 | G76: Max active sessions per replica in config | H76: Config | I76: No
A77: Ahmed Hamdy | B77: A7 | D77: A7.4 | F77: 2 | G77: Overload returns 503 + Retry-After | H77: Load-test log | I77: No
A78: Ahmed Hamdy | B78: A6 | C78: Load test 1→50 sessions; tune limits; confirm p95 latency and 429 rate | D78: A6.1 | E78: Ramp 1 → 50 sessions per language | F78: 1 | G78: Ramp 1 → 5 → 10 → 20 → 50 per language completed | H78: Locust report | I78: No
A79: Ahmed Hamdy | B79: A6 | D79: A6.1 | F79: 2 | G79: p50 / p95 / 429 rate recorded per step | H79: Report table | I79: No
A80: Ahmed Hamdy | B80: A6 | D80: A6.2 | E80: Accuracy check at peak (20 encounters) | F80: 1 | G80: 20 gold encounters replayed at peak | H80: Run log | I80: No
A81: Ahmed Hamdy | B81: A6 | D81: A6.2 | F81: 2 | G81: Accuracy loss < 2 points vs low load | H81: Comparison | I81: No
A82: Ahmed Hamdy | B82: A6 | D82: A6.3 | E82: Tune limits; capacity report | F82: 1 | G82: Limits tuned | H82: Config diff | I82: No
A83: Ahmed Hamdy | B83: A6 | D83: A6.3 | F83: 2 | G83: Capacity report signed | H83: Report | I83: No
A84: DOHA — Clinical AI
A85: Doha | B85: B1 | C85: Structuring prompt + schema: sections, translation, speaker labels with confidence, no-inference rules, routing signals | D85: B1.1 | E85: Structured-note JSON schema | F85: 1 | G85: JSON schema: sections, speaker, confidence, segment IDs, routing signals | H85: Schema file | I85: No
A86: Doha | B86: B1 | D86: B1.1 | F86: 2 | G86: Clinical Lead reviewed schema | H86: Approval | I86: No
A87: Doha | B87: B1 | D87: B1.2 | E87: Prompt: no-inference + translation rules | F87: 1 | G87: No-inference rule in prompt (never add, infer, sharpen) | H87: Prompt file | I87: No
A88: Doha | B88: B1 | D88: B1.2 | F88: 2 | G88: Arabic/mixed → English translation rule | H88: Prompt file | I88: No
A89: Doha | B89: B1 | D89: B1.3 | E89: Arabic / mixed few-shot examples | F89: 1 | G89: 6–8 few-shot examples incl. negation and laterality | H89: Prompt file | I89: No
A90: Doha | B90: B1 | D90: B1.4 | E90: 20 fidelity tests | F90: 1 | G90: 20 fidelity tests written | H90: Test file | I90: No
A91: Doha | B91: B1 | D91: B1.4 | F91: 2 | G91: All 20 pass | H91: CI run | I91: No
A92: Doha | B92: B0 | C92: Keep term correction before structuring; add red-flag lexicon for routing | D92: B0.1 | E92: Keep term correction before structuring | F92: 1 | G92: Term correction runs before structuring | H92: Code / pipeline order | I92: No
A93: Doha | B93: B0 | D93: B0.2 | E93: Red-flag lexicon file + routing signal | F93: 1 | G93: Red-flag lexicon file committed (Arabic + English) | H93: File in repo | I93: No
A94: Doha | B94: B0 | D94: B0.2 | F94: 2 | G94: red_flags emitted in routing signals | H94: Sample output | I94: No
A95: Doha | B95: B3 | C95: Reasoning prompt: ICD-10 (edition stated), diagnosis, rationale, ER triage, gaps, plan review, citations | D95: B3.1 | E95: Reasoning output schema | F95: 1 | G95: Schema: ICD-10 + evidence, diagnosis, rationale, triage, gaps, plan review, history flags | H95: Schema file | I95: No
A96: Doha | B96: B3 | D96: B3.2 | E96: ICD-10 edition rules per country | F96: 1 | G96: ICD-10 edition set per country in config | H96: Config | I96: No
A97: Doha | B97: B3 | D97: B3.2 | F97: 2 | G97: Prompt names the edition | H97: Prompt file | I97: No
A98: Doha | B98: B3 | D98: B3.3 | E98: History-scope + citation rules | F98: 1 | G98: History informs only ICD-10, diagnosis, rationale | H98: Prompt + test | I98: No
A99: Doha | B99: B3 | D99: B3.3 | F99: 2 | G99: Every output item cites a note sentence | H99: Sample output | I99: No
A100: Doha | B100: B3 | D100: B3.4 | E100: 15 clinical test cases | F100: 1 | G100: 15 test cases incl. history conflict and red flags | H100: Test file | I100: No
A101: Doha | B101: B3 | D101: B3.4 | F101: 2 | G101: Clinician reviewed results | H101: Review note | I101: No
A102: Doha | B102: B2 | C102: Extraction prompts per specialty (ER / OPD / Dental): note fields only, no history | D102: B2.1 | E102: Remove ICD-10, diagnosis, history from prompts | F102: 1 | G102: ICD-10, diagnosis and history fields removed from extraction prompts | H102: Prompt diff | I102: No
A103: Doha | B103: B2 | D103: B2.2 | E103: Strict schemas: ER, OPD, Dental | F103: 1 | G103: Strict schemas for ER, OPD, Dental | H103: Schema files | I103: No
...
